noted_date,temp
2018-10-31 23:57:00,39
2018-10-31 23:55:00,40
2018-10-31 23:53:00,39
2018-10-31 23:52:00,40
2018-10-31 23:47:00,39
2018-10-31 23:45:00,39
2018-10-31 23:37:00,39
2018-10-31 23:32:00,40
2018-10-31 23:30:00,39
2018-10-31 23:28:00,40
2018-10-31 23:22:00,39
2018-10-31 23:20:00,40
2018-10-31 23:18:00,39
2018-10-31 23:10:00,39
2018-10-31 23:08:00,40
2018-10-31 23:04:00,39
2018-10-31 23:02:00,39
2018-10-31 23:00:00,40
2018-10-31 22:58:00,38
2018-10-31 22:54:00,39
2018-10-31 22:50:00,39
2018-10-31 22:46:00,40
2018-10-31 22:44:00,40
2018-10-31 22:42:00,39
2018-10-31 22:40:00,40
2018-10-31 22:34:00,40
2018-10-31 22:32:00,39
2018-10-31 22:26:00,40
2018-10-31 22:08:00,40
2018-10-31 22:06:00,41
2018-10-31 22:00:00,41
2018-10-31 21:58:00,41
2018-10-31 21:56:00,42
2018-10-31 21:52:00,41
2018-10-31 21:50:00,40
2018-10-31 21:36:00,40
2018-10-31 21:34:00,40
2018-10-31 21:30:00,40
2018-10-31 21:26:00,40
2018-10-31 21:10:00,40
2018-10-31 21:06:00,41
2018-10-31 21:02:00,41
2018-10-31 21:00:00,40
2018-10-31 20:58:00,40
2018-10-31 20:56:00,39
2018-10-31 20:48:00,41
2018-10-31 20:46:00,42
2018-10-31 20:34:00,41
2018-10-31 20:32:00,40
2018-10-31 20:30:00,41
2018-10-31 20:24:00,42
2018-10-31 20:22:00,41
2018-10-31 20:02:00,41
2018-10-31 20:00:00,40
2018-10-31 19:50:00,41
2018-10-31 19:48:00,41
2018-10-31 19:18:00,41
2018-10-31 19:08:00,41
2018-10-31 19:06:00,40
2018-10-31 19:04:00,41
2018-10-31 19:02:00,40
2018-10-31 19:00:00,40
2018-10-31 18:56:00,40
2018-10-31 18:48:00,39
2018-10-31 18:42:00,39
2018-10-31 18:38:00,38
2018-10-31 18:36:00,38
2018-10-31 18:28:00,38
2018-10-31 18:22:00,38
2018-10-31 18:20:00,38
2018-10-31 18:18:00,39
2018-10-31 18:14:00,38
2018-10-31 18:10:00,38
2018-10-31 18:06:00,39
2018-10-31 18:04:00,39
2018-10-31 18:02:00,38
2018-10-31 17:58:00,39
2018-10-31 17:56:00,39
2018-10-31 17:54:00,39
2018-10-31 17:52:00,40
2018-10-31 17:48:00,40
2018-10-31 17:46:00,39
2018-10-31 17:40:00,40
2018-10-31 17:34:00,39
2018-10-31 17:32:00,39
2018-10-31 17:30:00,39
2018-10-31 17:28:00,38
2018-10-31 17:26:00,39
2018-10-31 17:24:00,40
2018-10-31 17:20:00,41
2018-10-31 17:16:00,41
2018-10-31 17:14:00,42
2018-10-31 17:12:00,42
2018-10-31 17:10:00,42
2018-10-31 17:06:00,42
2018-10-31 17:04:00,41
2018-10-31 16:58:00,42
2018-10-31 16:54:00,42
2018-10-31 16:52:00,40
2018-10-31 16:48:00,42
2018-10-31 16:46:00,41
2018-10-31 16:24:00,42
2018-10-31 16:22:00,40
2018-10-31 16:10:00,42
2018-10-31 16:08:00,41
2018-10-31 16:04:00,42
2018-10-31 16:02:00,42
2018-10-31 15:52:00,42
2018-10-31 15:38:00,41
2018-10-31 15:32:00,42
2018-10-31 15:28:00,42
2018-10-31 15:24:00,42
2018-10-31 15:06:00,42
2018-10-31 15:04:00,41
2018-10-31 14:56:00,41
2018-10-31 14:54:00,41
2018-10-31 14:50:00,40
2018-10-31 14:42:00,41
2018-10-31 14:40:00,42
2018-10-31 14:38:00,42
2018-10-31 14:34:00,42
2018-10-31 14:30:00,43
2018-10-31 14:28:00,41
2018-10-31 14:22:00,42
2018-10-31 14:16:00,42
2018-10-31 14:08:00,42
2018-10-31 14:06:00,43
2018-10-31 14:00:00,43
2018-10-31 13:12:00,44
2018-10-31 13:06:00,45
2018-10-31 13:04:00,44
2018-10-31 12:48:00,46
2018-10-31 12:36:00,45
2018-10-31 12:34:00,46
2018-10-31 12:22:00,45
2018-10-31 12:20:00,46
2018-10-31 12:18:00,46
2018-10-31 12:12:00,45
2018-10-31 12:04:00,45
2018-10-31 12:02:00,47
2018-10-31 12:00:00,46
2018-10-31 11:58:00,45
2018-10-31 11:34:00,46
2018-10-31 11:32:00,47
2018-10-31 11:28:00,45
2018-10-31 11:27:00,46
2018-10-31 11:14:00,45
2018-10-31 11:01:00,46
2018-10-31 10:59:00,45
2018-10-31 10:57:00,46
2018-10-31 10:55:00,45
2018-10-31 10:53:00,46
2018-10-31 10:49:00,45
2018-10-31 10:33:00,46
2018-10-31 10:31:00,45
2018-10-31 10:29:00,46
2018-10-31 10:27:00,46
2018-10-31 10:23:00,46
2018-10-31 10:17:00,46
2018-10-31 10:16:00,46
2018-10-31 10:14:00,45
2018-10-31 10:02:00,46
2018-10-31 09:54:00,46
2018-10-31 09:52:00,45
2018-10-31 09:50:00,46
2018-10-31 09:50:00,47
2018-10-31 09:38:00,46
2018-10-31 09:36:00,45
2018-10-31 09:34:00,44
2018-10-31 09:30:00,46
2018-10-31 08:58:00,46
2018-10-31 08:56:00,47
2018-10-31 08:50:00,46
2018-10-31 08:48:00,45
2018-10-31 08:42:00,46
2018-10-31 08:36:00,45
2018-10-31 08:32:00,46
2018-10-31 08:28:00,46
2018-10-31 08:24:00,44
2018-10-31 08:20:00,45
2018-10-31 08:16:00,45
2018-10-31 08:14:00,46
2018-10-31 08:06:00,45
2018-10-31 08:02:00,44
2018-10-31 08:00:00,45
2018-10-31 07:56:00,45
2018-10-31 07:54:00,46
2018-10-31 07:46:00,45
2018-10-31 07:44:00,44
2018-10-31 07:36:00,45
2018-10-31 07:30:00,46
2018-10-31 07:28:00,45
2018-10-31 07:26:00,46
2018-10-31 07:24:00,45
2018-10-31 07:22:00,46
2018-10-31 07:16:00,45
2018-10-31 07:12:00,44
2018-10-31 07:04:00,45
2018-10-31 07:00:00,45
2018-10-31 06:52:00,45
2018-10-31 06:35:00,44
2018-10-31 06:19:00,43
2018-10-31 06:17:00,44
2018-10-31 06:04:00,43
2018-10-31 05:58:00,43
2018-10-31 05:56:00,42
2018-10-31 05:52:00,43
2018-10-31 05:50:00,42
2018-10-31 05:44:00,42
2018-10-31 05:34:00,42
2018-10-31 05:32:00,42
2018-10-31 05:30:00,43
2018-10-31 05:14:00,42
2018-10-31 05:12:00,43
2018-10-31 04:58:00,42
2018-10-31 04:56:00,41
2018-10-31 04:48:00,42
2018-10-31 04:44:00,41
2018-10-31 04:40:00,42
2018-10-31 04:40:00,42
2018-10-31 04:38:00,41
2018-10-31 04:38:00,42
2018-10-31 04:35:00,41
2018-10-31 04:33:00,42
2018-10-31 04:33:00,41
2018-10-31 04:32:00,42
2018-10-31 04:30:00,41
2018-10-31 04:26:00,41
2018-10-31 04:24:00,41
2018-10-31 04:18:00,41
2018-10-31 04:16:00,40
2018-10-31 04:14:00,40
2018-10-31 04:12:00,39
2018-10-31 03:58:00,40
2018-10-31 03:54:00,40
2018-10-31 03:52:00,40
2018-10-31 03:50:00,40
2018-10-31 03:48:00,39
2018-10-31 03:46:00,40
2018-10-31 03:44:00,39
2018-10-31 03:42:00,40
2018-10-31 03:40:00,39
2018-10-31 03:38:00,39
2018-10-31 03:34:00,40
2018-10-31 03:32:00,39
2018-10-31 03:30:00,39
2018-10-31 03:26:00,39
2018-10-31 03:24:00,39
2018-10-31 03:20:00,39
2018-10-31 03:18:00,38
2018-10-31 03:08:00,39
2018-10-31 03:02:00,40
2018-10-31 02:58:00,39
2018-10-31 02:56:00,39
2018-10-31 02:54:00,38
2018-10-31 02:52:00,38
2018-10-31 02:50:00,38
2018-10-31 02:48:00,37
2018-10-31 02:44:00,37
2018-10-31 02:42:00,36
2018-10-31 02:40:00,36
2018-10-31 02:38:00,36
2018-10-31 02:36:00,36
2018-10-31 02:34:00,37
2018-10-31 02:26:00,37
2018-10-31 02:24:00,37
2018-10-31 02:22:00,36
2018-10-31 02:20:00,37
2018-10-31 02:18:00,39
2018-10-31 02:16:00,38
2018-10-31 02:12:00,38
2018-10-31 02:08:00,39
2018-10-31 02:06:00,38
2018-10-31 02:04:00,39
2018-10-31 02:02:00,38
2018-10-31 02:00:00,39
2018-10-31 01:56:00,38
2018-10-31 01:54:00,39
2018-10-31 01:52:00,39
2018-10-31 01:44:00,38
2018-10-31 01:40:00,39
2018-10-31 01:34:00,38
2018-10-31 01:32:00,39
2018-10-31 01:30:00,38
2018-10-31 01:26:00,38
2018-10-31 01:22:00,38
2018-10-31 01:20:00,39
2018-10-31 01:14:00,38
2018-10-31 01:08:00,38
2018-10-31 01:06:00,39
2018-10-31 01:04:00,39
2018-10-31 00:56:00,39
2018-10-31 00:54:00,39
2018-10-31 00:52:00,39
2018-10-31 00:48:00,39
2018-10-31 00:42:00,39
2018-10-31 00:40:00,39
2018-10-31 00:38:00,40
2018-10-31 00:36:00,39
2018-10-31 00:34:00,40
2018-10-31 00:32:00,39
2018-10-31 00:30:00,40
2018-10-31 00:28:00,39
2018-10-31 00:26:00,40
2018-10-31 00:22:00,41
2018-10-31 00:20:00,38
2018-10-31 00:14:00,40
2018-10-31 00:06:00,40
2018-10-31 00:04:00,41
2018-10-31 00:02:00,40
2018-10-30 23:52:00,40
2018-10-30 23:50:00,39
2018-10-30 23:48:00,39
2018-10-30 23:46:00,40
2018-10-30 23:44:00,39
2018-10-30 23:40:00,38
2018-10-30 23:38:00,39
2018-10-30 23:36:00,38
2018-10-30 23:32:00,38
2018-10-30 23:30:00,39
2018-10-30 23:28:00,38
2018-10-30 23:22:00,39
2018-10-30 23:18:00,38
2018-10-30 23:12:00,38
2018-10-30 23:06:00,39
2018-10-30 23:00:00,39
2018-10-30 22:58:00,38
2018-10-30 22:56:00,39
2018-10-30 22:48:00,39
2018-10-30 22:44:00,39
2018-10-30 22:36:00,39
2018-10-30 22:34:00,38
2018-10-30 22:28:00,39
2018-10-30 22:26:00,39
2018-10-30 22:24:00,39
2018-10-30 22:22:00,39
2018-10-30 22:20:00,41
2018-10-30 22:14:00,39
2018-10-30 22:08:00,39
2018-10-30 22:06:00,40
2018-10-30 22:04:00,39
2018-10-30 22:00:00,40
2018-10-30 21:56:00,39
2018-10-30 21:52:00,40
2018-10-30 21:48:00,39
2018-10-30 21:46:00,40
2018-10-30 21:44:00,39
2018-10-30 21:42:00,40
2018-10-30 21:36:00,40
2018-10-30 21:34:00,40
2018-10-30 21:32:00,41
2018-10-30 21:26:00,40
2018-10-30 21:22:00,40
2018-10-30 21:18:00,40
2018-10-30 21:16:00,39
2018-10-30 21:14:00,40
2018-10-30 21:05:00,40
2018-10-30 21:03:00,41
2018-10-30 20:59:00,40
2018-10-30 20:55:00,40
2018-10-30 20:53:00,41
2018-10-30 20:45:00,41
2018-10-30 20:43:00,40
2018-10-30 20:41:00,41
2018-10-30 20:39:00,39
2018-10-30 20:33:00,41
2018-10-30 20:29:00,40
2018-10-30 20:23:00,40
2018-10-30 20:19:00,41
2018-10-30 20:17:00,40
2018-10-30 20:13:00,41
2018-10-30 20:09:00,40
2018-10-30 20:07:00,41
2018-10-30 19:59:00,40
2018-10-30 19:51:00,39
2018-10-30 19:45:00,40
2018-10-30 19:43:00,39
2018-10-30 19:39:00,40
2018-10-30 19:37:00,39
2018-10-30 19:33:00,40
2018-10-30 19:31:00,41
2018-10-30 19:29:00,40
2018-10-30 19:27:00,40
2018-10-30 19:25:00,41
2018-10-30 19:23:00,41
2018-10-30 19:21:00,41
2018-10-30 19:13:00,41
2018-10-30 19:11:00,41
2018-10-30 19:07:00,41
2018-10-30 19:05:00,41
2018-10-30 19:03:00,40
2018-10-30 18:59:00,41
2018-10-30 18:49:00,40
2018-10-30 18:43:00,41
2018-10-30 18:41:00,40
2018-10-30 18:39:00,40
2018-10-30 18:35:00,41
2018-10-30 18:33:00,40
2018-10-30 18:31:00,41
2018-10-30 18:29:00,40
2018-10-30 18:27:00,41
2018-10-30 18:25:00,42
2018-10-30 18:23:00,41
2018-10-30 18:17:00,41
2018-10-30 18:15:00,40
2018-10-30 17:59:00,41
2018-10-30 17:57:00,41
2018-10-30 17:53:00,40
2018-10-30 17:47:00,41
2018-10-30 17:43:00,40
2018-10-30 17:39:00,39
2018-10-30 17:33:00,39
2018-10-30 17:29:00,39
2018-10-30 17:23:00,40
2018-10-30 17:21:00,41
2018-10-30 17:19:00,40
2018-10-30 17:15:00,41
2018-10-30 17:13:00,42
2018-10-30 17:07:00,41
2018-10-30 17:03:00,42
2018-10-30 17:01:00,41
2018-10-30 16:57:00,42
2018-10-30 16:55:00,41
2018-10-30 16:49:00,42
2018-10-30 16:37:00,41
2018-10-30 16:33:00,42
2018-10-30 16:31:00,41
2018-10-30 16:27:00,42
2018-10-30 16:25:00,41
2018-10-30 16:19:00,42
2018-10-30 16:17:00,41
2018-10-30 16:11:00,41
2018-10-30 16:07:00,41
2018-10-30 16:05:00,41
2018-10-30 16:01:00,41
2018-10-30 15:59:00,41
2018-10-30 15:55:00,42
2018-10-30 15:53:00,41
2018-10-30 15:51:00,41
2018-10-30 15:47:00,41
2018-10-30 15:42:00,41
2018-10-30 15:40:00,41
2018-10-30 15:36:00,41
2018-10-30 15:32:00,41
2018-10-30 15:30:00,40
2018-10-30 15:28:00,41
2018-10-30 15:26:00,40
2018-10-30 15:22:00,41
2018-10-30 15:21:00,40
2018-10-30 15:19:00,39
2018-10-30 15:13:00,40
2018-10-30 15:11:00,40
2018-10-30 15:09:00,41
2018-10-30 15:03:00,41
2018-10-30 15:01:00,42
2018-10-30 14:59:00,42
2018-10-30 14:57:00,41
2018-10-30 14:55:00,41
2018-10-30 14:53:00,42
2018-10-30 14:49:00,41
2018-10-30 14:45:00,42
2018-10-30 14:43:00,42
2018-10-30 14:41:00,42
2018-10-30 14:31:00,42
2018-10-30 14:25:00,42
2018-10-30 14:21:00,42
2018-10-30 14:19:00,43
2018-10-30 14:17:00,42
2018-10-30 14:17:00,42
2018-10-30 14:15:00,41
2018-10-30 14:13:00,42
2018-10-30 14:08:00,42
2018-10-30 14:06:00,42
2018-10-30 14:02:00,41
2018-10-30 13:55:00,42
2018-10-30 13:53:00,42
2018-10-30 13:49:00,43
2018-10-30 13:41:00,42
2018-10-30 13:39:00,43
2018-10-30 13:35:00,42
2018-10-30 13:19:00,43
2018-10-30 13:13:00,44
2018-10-30 13:11:00,43
2018-10-30 12:59:00,44
2018-10-30 12:57:00,45
2018-10-30 12:43:00,44
2018-10-30 12:39:00,45
2018-10-30 12:37:00,43
2018-10-30 12:31:00,44
2018-10-30 12:29:00,45
2018-10-30 12:25:00,44
2018-10-30 12:25:00,44
2018-10-30 12:25:00,44
2018-10-30 12:24:00,45
2018-10-30 12:24:00,44
2018-10-30 12:22:00,46
2018-10-30 12:20:00,45
2018-10-30 12:17:00,45
2018-10-30 12:15:00,45
2018-10-30 12:13:00,46
2018-10-30 12:07:00,45
2018-10-30 12:04:00,45
2018-10-30 12:04:00,45
2018-10-30 12:02:00,45
2018-10-30 12:00:00,46
2018-10-30 11:56:00,45
2018-10-30 11:46:00,46
2018-10-30 11:40:00,46
2018-10-30 11:38:00,46
2018-10-30 11:36:00,45
2018-10-30 11:30:00,46
2018-10-30 11:28:00,45
2018-10-30 11:24:00,46
2018-10-30 11:12:00,46
2018-10-30 11:10:00,47
2018-10-30 11:08:00,46
2018-10-30 11:06:00,45
2018-10-30 11:04:00,46
2018-10-30 11:03:00,45
2018-10-30 11:03:00,46
2018-10-30 10:43:00,46
2018-10-30 10:41:00,46
2018-10-30 10:37:00,45
2018-10-30 10:31:00,46
2018-10-30 10:28:00,46
2018-10-30 10:26:00,45
2018-10-30 10:22:00,46
2018-10-30 10:06:00,46
2018-10-30 10:04:00,45
2018-10-30 09:54:00,46
2018-10-30 09:40:00,45
2018-10-30 09:38:00,46
2018-10-30 09:36:00,45
2018-10-30 09:30:00,46
2018-10-30 09:28:00,45
2018-10-30 09:26:00,46
2018-10-30 09:24:00,45
2018-10-30 09:16:00,46
2018-10-30 09:14:00,45
2018-10-30 09:08:00,46
2018-10-30 09:00:00,45
2018-10-30 08:58:00,44
2018-10-30 08:53:00,45
2018-10-30 08:51:00,44
2018-10-30 08:49:00,46
2018-10-30 08:45:00,45
2018-10-30 08:43:00,46
2018-10-30 08:35:00,45
2018-10-30 08:33:00,44
2018-10-30 08:25:00,45
2018-10-30 08:23:00,45
2018-10-30 08:21:00,44
2018-10-30 08:19:00,45
2018-10-30 08:13:00,45
2018-10-30 08:07:00,45
2018-10-30 08:05:00,44
2018-10-30 08:01:00,45
2018-10-30 08:00:00,45
2018-10-30 07:54:00,44
2018-10-30 07:52:00,45
2018-10-30 07:50:00,44
2018-10-30 07:46:00,45
2018-10-30 07:42:00,44
2018-10-30 07:36:00,45
2018-10-30 07:36:00,44
2018-10-30 07:34:00,46
2018-10-30 07:32:00,44
2018-10-30 07:20:00,44
2018-10-30 07:16:00,44
2018-10-30 07:14:00,43
2018-10-30 07:12:00,44
2018-10-30 07:11:00,44
2018-10-30 07:10:00,44
2018-10-30 07:08:00,44
2018-10-30 07:07:00,44
2018-10-30 07:05:00,46
2018-10-30 07:04:00,45
2018-10-30 07:04:00,45
2018-10-30 07:02:00,44
2018-10-30 07:00:00,45
2018-10-30 06:58:00,44
2018-10-30 06:54:00,45
2018-10-30 06:52:00,44
2018-10-30 06:48:00,45
2018-10-30 06:45:00,46
2018-10-30 06:45:00,44
2018-10-30 06:43:00,45
2018-10-30 06:41:00,44
2018-10-30 06:31:00,45
2018-10-30 06:27:00,44
2018-10-30 06:25:00,45
2018-10-30 06:23:00,44
2018-10-30 06:19:00,45
2018-10-30 06:11:00,44
2018-10-30 06:10:00,44
2018-10-30 06:08:00,43
2018-10-30 06:06:00,44
2018-10-30 05:56:00,43
2018-10-30 05:53:00,43
2018-10-30 05:50:00,43
2018-10-30 05:41:00,43
2018-10-30 05:38:00,42
2018-10-30 05:34:00,43
2018-10-30 05:33:00,43
2018-10-30 05:31:00,42
2018-10-30 05:31:00,43
2018-10-30 05:29:00,42
2018-10-30 05:28:00,42
2018-10-30 05:27:00,43
2018-10-30 05:23:00,43
2018-10-30 05:21:00,42
2018-10-30 05:19:00,43
2018-10-30 05:18:00,44
2018-10-30 05:16:00,42
2018-10-30 05:15:00,43
2018-10-30 05:13:00,42
2018-10-30 05:06:00,42
2018-10-30 05:05:00,41
2018-10-30 05:04:00,42
2018-10-30 05:03:00,42
2018-10-30 05:02:00,42
2018-10-30 04:59:00,42
2018-10-30 04:58:00,42
2018-10-30 04:55:00,42
2018-10-30 04:52:00,42
2018-10-30 04:50:00,43
2018-10-30 04:50:00,43
2018-10-30 04:46:00,42
2018-10-30 04:44:00,41
2018-10-30 04:42:00,42
2018-10-30 04:31:00,42
2018-10-30 04:27:00,41
2018-10-30 04:23:00,41
2018-10-30 04:21:00,42
2018-10-30 04:19:00,41
2018-10-30 04:17:00,42
2018-10-30 04:03:00,41
2018-10-30 04:01:00,41
2018-10-30 03:59:00,41
2018-10-30 03:55:00,40
2018-10-30 03:45:00,41
2018-10-30 03:43:00,41
2018-10-30 03:41:00,41
2018-10-30 03:35:00,40
2018-10-30 03:27:00,40
2018-10-30 03:25:00,40
2018-10-30 03:23:00,39
2018-10-30 03:21:00,40
2018-10-30 03:19:00,39
2018-10-30 03:17:00,39
2018-10-30 03:05:00,39
2018-10-30 03:03:00,38
2018-10-30 02:57:00,38
2018-10-30 02:49:00,38
2018-10-30 02:45:00,38
2018-10-30 02:41:00,38
2018-10-30 02:39:00,37
2018-10-30 02:37:00,37
2018-10-30 02:33:00,38
2018-10-30 02:31:00,37
2018-10-30 02:29:00,36
2018-10-30 02:27:00,36
2018-10-30 02:25:00,37
2018-10-30 02:19:00,37
2018-10-30 02:17:00,36
2018-10-30 02:13:00,36
2018-10-30 02:11:00,37
2018-10-30 02:03:00,38
2018-10-30 02:01:00,37
2018-10-30 01:59:00,38
2018-10-30 01:57:00,38
2018-10-30 01:55:00,37
2018-10-30 01:53:00,38
2018-10-30 01:49:00,39
2018-10-30 01:47:00,39
2018-10-30 01:41:00,39
2018-10-30 01:39:00,39
2018-10-30 01:37:00,39
2018-10-30 01:35:00,40
2018-10-30 01:31:00,39
2018-10-30 01:29:00,40
2018-10-30 01:19:00,39
2018-10-30 01:13:00,39
2018-10-30 01:11:00,40
2018-10-30 01:07:00,39
2018-10-30 01:05:00,40
2018-10-30 00:59:00,39
2018-10-30 00:57:00,40
2018-10-30 00:55:00,39
2018-10-30 00:53:00,40
2018-10-30 00:45:00,40
2018-10-30 00:43:00,39
2018-10-30 00:41:00,39
2018-10-30 00:39:00,39
2018-10-30 00:35:00,40
2018-10-30 00:33:00,39
2018-10-30 00:31:00,40
2018-10-30 00:29:00,39
2018-10-30 00:23:00,40
2018-10-30 00:21:00,41
2018-10-28 05:07:00,46
2018-10-28 05:05:00,45
2018-10-28 05:03:00,46
2018-10-28 05:01:00,45
2018-10-28 04:57:00,46
2018-10-28 04:53:00,45
2018-10-28 04:49:00,46
2018-10-28 04:43:00,45
2018-10-28 04:41:00,46
2018-10-28 04:21:00,45
2018-10-28 04:19:00,44
2018-10-28 04:17:00,45
2018-10-28 03:55:00,44
2018-10-28 03:47:00,44
2018-10-28 03:45:00,43
2018-10-28 03:43:00,44
2018-10-28 03:41:00,43
2018-10-28 03:37:00,43
2018-10-28 03:36:00,43
2018-10-28 03:33:00,43
2018-10-28 03:32:00,42
2018-10-28 03:28:00,43
2018-10-28 03:26:00,42
2018-10-28 03:24:00,42
2018-10-28 03:22:00,42
2018-10-28 03:20:00,42
2018-10-28 03:16:00,42
2018-10-28 03:12:00,41
2018-10-28 03:10:00,42
2018-10-28 03:08:00,41
2018-10-28 03:06:00,42
2018-10-28 03:04:00,41
2018-10-28 03:02:00,42
2018-10-28 03:00:00,41
2018-10-28 02:56:00,41
2018-10-28 02:54:00,41
2018-10-28 02:50:00,40
2018-10-28 02:48:00,41
2018-10-28 02:42:00,41
2018-10-28 02:40:00,41
2018-10-28 02:36:00,41
2018-10-28 02:34:00,40
2018-10-28 02:32:00,40
2018-10-28 02:28:00,40
2018-10-28 02:26:00,40
2018-10-28 02:24:00,40
2018-10-28 02:22:00,41
2018-10-28 02:20:00,41
2018-10-28 02:18:00,40
2018-10-28 02:16:00,40
2018-10-28 02:12:00,41
2018-10-28 02:10:00,40
2018-10-28 02:06:00,40
2018-10-28 02:04:00,41
2018-10-28 02:02:00,40
2018-10-28 02:00:00,40
2018-10-28 01:58:00,41
2018-10-28 01:54:00,40
2018-10-28 01:40:00,41
2018-10-28 01:38:00,42
2018-10-28 01:34:00,41
2018-10-28 01:32:00,40
2018-10-28 01:30:00,40
2018-10-28 01:26:00,41
2018-10-28 01:22:00,41
2018-10-28 01:20:00,41
2018-10-28 01:18:00,41
2018-10-28 01:16:00,42
2018-10-28 01:14:00,41
2018-10-28 01:12:00,42
2018-10-28 01:10:00,41
2018-10-28 01:06:00,41
2018-10-28 00:54:00,42
2018-10-28 00:52:00,42
2018-10-28 00:46:00,41
2018-10-28 00:40:00,41
2018-10-28 00:38:00,41
2018-10-28 00:36:00,40
2018-10-28 00:34:00,41
2018-10-28 00:28:00,40
2018-10-28 00:22:00,41
2018-10-28 00:20:00,41
2018-10-28 00:16:00,41
2018-10-28 00:14:00,41
2018-10-28 00:10:00,40
2018-10-28 00:08:00,41
2018-10-28 00:06:00,41
2018-10-28 00:04:00,39
2018-10-28 00:00:00,39
2018-10-27 23:58:00,40
2018-10-27 23:56:00,40
2018-10-27 23:54:00,40
2018-10-27 23:52:00,39
2018-10-27 23:48:00,38
2018-10-27 23:46:00,38
2018-10-27 23:44:00,39
2018-10-27 23:40:00,38
2018-10-27 23:38:00,37
2018-10-27 23:36:00,38
2018-10-27 23:32:00,37
2018-10-27 23:28:00,38
2018-10-27 23:26:00,37
2018-10-27 23:24:00,37
2018-10-27 23:22:00,38
2018-10-27 23:20:00,37
2018-10-27 23:18:00,37
2018-10-27 23:16:00,37
2018-10-27 23:14:00,38
2018-10-27 23:12:00,37
2018-10-27 23:10:00,37
2018-10-27 23:08:00,38
2018-10-27 23:04:00,37
2018-10-27 23:00:00,37
2018-10-27 22:58:00,38
2018-10-27 22:56:00,37
2018-10-27 22:54:00,37
2018-10-27 22:52:00,36
2018-10-27 22:50:00,38
2018-10-27 22:48:00,40
2018-10-27 22:46:00,40
2018-10-27 22:44:00,42
2018-10-27 22:40:00,41
2018-10-27 22:32:00,42
2018-10-27 22:30:00,42
2018-10-27 22:28:00,42
2018-10-27 22:26:00,42
2018-10-27 22:20:00,42
2018-10-27 22:16:00,42
2018-10-27 22:14:00,40
2018-10-27 22:12:00,41
2018-10-27 22:08:00,42
2018-10-27 22:06:00,42
2018-10-27 22:04:00,41
2018-10-27 22:02:00,41
2018-10-27 22:00:00,40
2018-10-27 21:58:00,42
2018-10-27 21:56:00,42
2018-10-27 21:54:00,43
2018-10-27 21:50:00,42
2018-10-27 21:46:00,42
2018-10-27 21:44:00,41
2018-10-27 21:42:00,42
2018-10-27 21:40:00,41
2018-10-27 21:38:00,40
2018-10-27 21:36:00,41
2018-10-27 21:32:00,40
2018-10-27 21:30:00,39
2018-10-27 21:28:00,41
2018-10-27 21:24:00,41
2018-10-27 21:22:00,42
2018-10-27 21:20:00,41
2018-10-27 21:16:00,42
2018-10-27 21:12:00,41
2018-10-27 21:08:00,41
2018-10-27 21:02:00,42
2018-10-27 21:00:00,42
2018-10-27 20:58:00,41
2018-10-27 20:52:00,41
2018-10-27 20:50:00,42
2018-10-27 20:48:00,43
2018-10-27 20:46:00,42
2018-10-27 20:42:00,41
2018-10-27 20:40:00,43
2018-10-27 20:30:00,43
2018-10-27 20:28:00,42
2018-10-27 20:24:00,43
2018-10-27 20:22:00,43
2018-10-27 20:20:00,43
2018-10-27 20:18:00,42
2018-10-27 20:16:00,42
2018-10-27 20:14:00,41
2018-10-27 20:12:00,43
2018-10-27 20:06:00,43
2018-10-27 20:04:00,42
2018-10-27 19:58:00,42
2018-10-27 19:56:00,41
2018-10-27 19:54:00,43
2018-10-27 19:52:00,43
2018-10-27 19:50:00,43
2018-10-27 19:48:00,43
2018-10-27 19:44:00,43
2018-10-27 19:38:00,44
2018-10-27 19:36:00,43
2018-10-27 19:34:00,44
2018-10-27 19:32:00,43
2018-10-27 19:30:00,44
2018-10-27 19:18:00,43
2018-10-27 19:16:00,43
2018-10-27 19:14:00,44
2018-10-27 19:12:00,43
2018-10-27 19:10:00,44
2018-10-27 18:58:00,44
2018-10-27 18:56:00,45
2018-10-27 18:54:00,44
2018-10-27 18:52:00,44
2018-10-27 18:50:00,44
2018-10-27 18:48:00,44
2018-10-27 18:46:00,44
2018-10-27 18:42:00,44
2018-10-27 18:40:00,44
2018-10-27 18:38:00,45
2018-10-27 18:36:00,45
2018-10-27 18:34:00,44
2018-10-27 18:32:00,44
2018-10-27 18:28:00,43
2018-10-27 18:26:00,44
2018-10-27 18:24:00,44
2018-10-27 18:22:00,45
2018-10-27 18:20:00,44
2018-10-27 18:16:00,44
2018-10-27 18:02:00,44
2018-10-27 17:58:00,45
2018-10-27 17:52:00,44
2018-10-27 17:48:00,44
2018-10-27 17:46:00,45
2018-10-27 17:44:00,44
2018-10-27 17:42:00,45
2018-10-27 17:40:00,45
2018-10-27 17:38:00,44
2018-10-27 17:36:00,44
2018-10-27 17:34:00,44
2018-10-27 17:32:00,45
2018-10-27 17:30:00,44
2018-10-27 17:24:00,44
2018-10-27 17:20:00,44
2018-10-27 17:16:00,45
2018-10-27 17:14:00,44
2018-10-27 17:12:00,45
2018-10-27 17:10:00,44
2018-10-27 17:06:00,45
2018-10-27 17:04:00,44
2018-10-27 16:58:00,45
2018-10-27 16:56:00,44
2018-10-27 16:54:00,45
2018-10-27 16:52:00,45
2018-10-27 16:50:00,44
2018-10-27 16:48:00,45
2018-10-27 16:40:00,44
2018-10-27 16:38:00,44
2018-10-27 16:36:00,45
2018-10-27 16:34:00,44
2018-10-27 16:32:00,45
2018-10-27 16:30:00,44
2018-10-27 16:28:00,44
2018-10-27 16:26:00,45
2018-10-27 15:12:00,45
2018-10-27 15:10:00,44
2018-10-27 15:08:00,46
2018-10-27 15:04:00,45
2018-10-27 15:00:00,45
2018-10-27 14:58:00,46
2018-10-27 14:54:00,45
2018-10-27 14:52:00,46
2018-10-27 14:30:00,45
2018-10-27 14:26:00,46
2018-10-27 14:24:00,45
2018-10-27 14:20:00,46
2018-10-27 14:18:00,45
2018-10-27 14:16:00,46
2018-10-27 14:14:00,47
2018-10-27 14:00:00,46
2018-10-27 13:36:00,47
2018-10-27 13:34:00,48
2018-10-27 13:20:00,47
2018-10-27 13:18:00,48
2018-10-27 12:16:00,47
2018-10-27 12:14:00,48
2018-10-27 12:12:00,47
2018-10-27 11:28:00,48
2018-10-27 11:26:00,47
2018-10-27 11:24:00,48
2018-10-27 11:22:00,47
2018-10-27 11:20:00,48
2018-10-27 11:18:00,47
2018-10-27 11:17:00,48
2018-10-27 11:10:00,49
2018-10-27 10:43:00,48
2018-10-27 10:39:00,49
2018-10-27 10:11:00,48
2018-10-27 10:03:00,48
2018-10-27 09:46:00,48
2018-10-27 09:41:00,48
2018-10-27 09:37:00,48
2018-10-27 09:36:00,47
2018-10-27 09:35:00,48
2018-10-27 09:28:00,48
2018-10-27 09:22:00,48
2018-10-27 09:18:00,48
2018-10-27 09:16:00,48
2018-10-27 09:11:00,48
2018-10-27 09:09:00,47
2018-10-27 09:08:00,48
2018-10-27 09:08:00,47
2018-10-27 08:56:00,48
2018-10-27 08:54:00,48
2018-10-27 08:53:00,48
2018-10-27 08:50:00,48
2018-10-27 08:46:00,47
2018-10-27 08:42:00,48
2018-10-27 08:40:00,47
2018-10-27 08:34:00,47
2018-10-27 08:26:00,47
2018-10-27 08:17:00,48
2018-10-27 08:08:00,48
2018-10-27 08:07:00,48
2018-10-27 08:05:00,48
2018-10-27 07:46:00,48
2018-10-27 07:39:00,48
2018-10-27 07:17:00,48
2018-10-27 07:09:00,48
2018-10-27 07:06:00,48
2018-10-27 07:02:00,47
2018-10-27 06:58:00,48
2018-10-27 06:52:00,47
2018-10-27 06:50:00,48
2018-10-27 06:48:00,47
2018-10-27 06:48:00,47
2018-10-27 06:47:00,47
2018-10-27 06:46:00,47
2018-10-27 06:44:00,48
2018-10-27 06:27:00,47
2018-10-27 06:25:00,47
2018-10-27 06:23:00,46
2018-10-27 06:21:00,47
2018-10-27 06:19:00,46
2018-10-27 06:17:00,47
2018-10-27 06:16:00,46
2018-10-27 06:13:00,46
2018-10-27 06:13:00,46
2018-10-27 05:59:00,47
2018-10-27 05:57:00,46
2018-10-27 05:51:00,47
2018-10-27 05:49:00,46
2018-10-27 05:47:00,47
2018-10-27 05:37:00,46
2018-10-27 05:30:00,46
2018-10-27 05:28:00,47
2018-10-26 09:00:00,46
2018-10-26 08:58:00,45
2018-10-26 08:56:00,46
2018-10-26 08:54:00,45
2018-10-26 08:48:00,46
2018-10-26 08:46:00,44
2018-10-26 08:42:00,46
2018-10-26 08:38:00,45
2018-10-26 08:36:00,44
2018-10-26 08:34:00,45
2018-10-26 08:32:00,46
2018-10-26 08:30:00,45
2018-10-26 08:28:00,44
2018-10-26 08:26:00,45
2018-10-26 08:24:00,44
2018-10-26 08:20:00,45
2018-10-26 08:18:00,43
2018-10-26 08:14:00,45
2018-10-26 08:12:00,46
2018-10-26 07:22:00,45
2018-10-26 07:20:00,46
2018-10-26 07:06:00,45
2018-10-26 07:05:00,45
2018-10-26 07:03:00,46
2018-10-26 07:01:00,44
2018-10-26 06:49:00,45
2018-10-26 06:47:00,44
2018-10-26 06:45:00,45
2018-10-26 06:39:00,45
2018-10-26 06:29:00,45
2018-10-26 06:28:00,44
2018-10-26 06:26:00,46
2018-10-26 06:06:00,44
2018-10-26 06:02:00,43
2018-10-26 06:00:00,44
2018-10-26 05:58:00,44
2018-10-26 05:50:00,43
2018-10-26 05:44:00,44
2018-10-26 05:40:00,43
2018-10-26 05:38:00,44
2018-10-26 05:34:00,46
2018-10-26 05:32:00,43
2018-10-26 05:30:00,44
2018-10-26 05:22:00,43
2018-10-26 05:15:00,43
2018-10-26 05:15:00,43
2018-10-26 05:13:00,45
2018-10-26 05:11:00,44
2018-10-26 05:05:00,43
2018-10-26 05:03:00,42
2018-10-26 04:59:00,43
2018-10-26 04:55:00,43
2018-10-26 04:51:00,43
2018-10-26 04:49:00,42
2018-10-26 04:48:00,43
2018-10-26 04:46:00,42
2018-10-26 04:44:00,43
2018-10-26 04:26:00,42
2018-10-26 04:18:00,42
2018-10-26 04:14:00,42
2018-10-26 04:10:00,42
2018-10-26 04:08:00,42
2018-10-26 04:06:00,42
2018-10-26 04:04:00,43
2018-10-26 04:02:00,42
2018-10-26 04:00:00,43
2018-10-26 03:58:00,42
2018-10-26 03:54:00,42
2018-10-26 03:52:00,41
2018-10-26 03:48:00,42
2018-10-26 03:46:00,41
2018-10-26 03:44:00,42
2018-10-26 03:36:00,41
2018-10-26 03:32:00,42
2018-10-26 03:24:00,41
2018-10-26 03:22:00,41
2018-10-26 03:20:00,40
2018-10-26 03:16:00,41
2018-10-26 03:12:00,40
2018-10-26 03:10:00,41
2018-10-26 03:08:00,40
2018-10-26 03:06:00,41
2018-10-26 03:04:00,40
2018-10-26 03:02:00,40
2018-10-26 03:00:00,41
2018-10-26 02:58:00,40
2018-10-26 02:56:00,41
2018-10-26 02:54:00,40
2018-10-26 02:50:00,40
2018-10-26 02:48:00,40
2018-10-26 02:44:00,40
2018-10-26 02:42:00,39
2018-10-26 02:40:00,39
2018-10-26 02:38:00,41
2018-10-26 02:36:00,40
2018-10-26 02:30:00,40
2018-10-26 02:26:00,39
2018-10-26 02:24:00,39
2018-10-26 02:14:00,39
2018-10-26 02:12:00,38
2018-10-26 02:00:00,40
2018-10-26 01:58:00,40
2018-10-26 01:54:00,39
2018-10-26 01:50:00,38
2018-10-26 01:48:00,39
2018-10-26 01:42:00,39
2018-10-26 01:40:00,39
2018-10-26 01:34:00,40
2018-10-26 01:30:00,40
2018-10-26 01:26:00,40
2018-10-26 01:20:00,40
2018-10-26 01:18:00,40
2018-10-26 01:14:00,40
2018-10-26 01:12:00,41
2018-10-26 01:10:00,41
2018-10-26 01:08:00,39
2018-10-26 01:04:00,40
2018-10-26 01:00:00,39
2018-10-26 00:56:00,40
2018-10-26 00:52:00,39
2018-10-26 00:48:00,38
2018-10-26 00:44:00,39
2018-10-26 00:40:00,36
2018-10-26 00:38:00,38
2018-10-26 00:36:00,38
2018-10-26 00:32:00,38
2018-10-26 00:28:00,38
2018-10-26 00:26:00,39
2018-10-26 00:24:00,39
2018-10-26 00:18:00,40
2018-10-26 00:16:00,39
2018-10-26 00:14:00,40
2018-10-26 00:12:00,40
2018-10-26 00:08:00,41
2018-10-26 00:06:00,40
2018-10-26 00:02:00,41
2018-10-26 00:00:00,40
2018-10-25 23:58:00,41
2018-10-25 23:56:00,40
2018-10-25 23:54:00,40
2018-10-25 23:48:00,40
2018-10-25 23:40:00,41
2018-10-25 23:36:00,40
2018-10-25 23:32:00,41
2018-10-25 23:28:00,40
2018-10-25 23:26:00,40
2018-10-25 23:20:00,41
2018-10-25 23:16:00,40
2018-10-25 23:14:00,41
2018-10-25 23:12:00,40
2018-10-25 23:06:00,39
2018-10-25 23:04:00,39
2018-10-25 23:02:00,38
2018-10-25 23:00:00,39
2018-10-25 22:56:00,39
2018-10-25 22:54:00,40
2018-10-25 22:52:00,39
2018-10-25 22:48:00,40
2018-10-25 22:46:00,39
2018-10-25 22:42:00,38
2018-10-25 22:40:00,37
2018-10-25 22:38:00,38
2018-10-25 22:26:00,36
2018-10-25 22:22:00,37
2018-10-25 22:18:00,37
2018-10-25 22:16:00,36
2018-10-25 22:14:00,37
2018-10-25 22:10:00,37
2018-10-25 22:08:00,39
2018-10-25 22:06:00,37
2018-10-25 22:04:00,37
2018-10-25 22:02:00,36
2018-10-25 21:56:00,37
2018-10-25 21:54:00,36
2018-10-25 21:52:00,37
2018-10-25 21:50:00,36
2018-10-25 21:48:00,37
2018-10-25 21:46:00,37
2018-10-25 21:44:00,38
2018-10-25 21:42:00,38
2018-10-25 21:40:00,37
2018-10-25 21:38:00,38
2018-10-25 21:36:00,37
2018-10-25 21:34:00,38
2018-10-25 21:32:00,38
2018-10-25 21:30:00,39
2018-10-25 21:28:00,39
2018-10-25 21:26:00,38
2018-10-25 21:24:00,40
2018-10-25 21:22:00,39
2018-10-25 21:18:00,38
2018-10-25 21:16:00,39
2018-10-25 21:14:00,40
2018-10-25 21:10:00,39
2018-10-25 21:08:00,39
2018-10-25 21:04:00,42
2018-10-25 21:02:00,41
2018-10-25 21:00:00,42
2018-10-25 20:58:00,41
2018-10-25 20:48:00,41
2018-10-25 20:46:00,41
2018-10-25 20:40:00,42
2018-10-25 20:38:00,42
2018-10-25 20:36:00,43
2018-10-25 20:34:00,41
2018-10-25 20:32:00,41
2018-10-25 20:30:00,42
2018-10-25 20:28:00,41
2018-10-25 20:26:00,42
2018-10-25 20:24:00,41
2018-10-25 20:20:00,40
2018-10-25 20:18:00,40
2018-10-25 20:16:00,43
2018-10-25 20:08:00,43
2018-10-25 20:04:00,44
2018-10-25 20:00:00,42
2018-10-25 19:58:00,43
2018-10-25 19:56:00,42
2018-10-25 19:54:00,42
2018-10-25 19:50:00,43
2018-10-25 19:48:00,42
2018-10-25 19:46:00,43
2018-10-25 19:44:00,44
2018-10-25 19:42:00,43
2018-10-25 19:40:00,44
2018-10-25 19:38:00,42
2018-10-25 19:34:00,42
2018-10-25 19:28:00,42
2018-10-25 19:22:00,42
2018-10-25 19:20:00,43
2018-10-25 19:18:00,42
2018-10-25 19:16:00,43
2018-10-25 19:14:00,42
2018-10-25 19:12:00,43
2018-10-25 19:10:00,42
2018-10-25 19:08:00,43
2018-10-25 19:06:00,42
2018-10-25 18:58:00,43
2018-10-25 18:55:00,42
2018-10-25 18:53:00,44
2018-10-25 18:51:00,42
2018-10-25 18:43:00,43
2018-10-25 18:41:00,42
2018-10-25 18:37:00,43
2018-10-25 18:35:00,45
2018-10-25 18:27:00,43
2018-10-25 18:25:00,43
2018-10-25 18:23:00,44
2018-10-25 18:21:00,43
2018-10-25 18:19:00,44
2018-10-25 18:09:00,43
2018-10-25 18:07:00,44
2018-10-25 17:59:00,43
2018-10-25 17:55:00,42
2018-10-25 17:53:00,43
2018-10-25 17:51:00,42
2018-10-25 17:49:00,43
2018-10-25 17:45:00,42
2018-10-25 17:43:00,42
2018-10-25 17:41:00,43
2018-10-25 17:37:00,42
2018-10-25 17:35:00,42
2018-10-25 17:33:00,43
2018-10-25 17:28:00,43
2018-10-25 17:26:00,44
2018-10-25 17:24:00,45
2018-10-25 17:16:00,43
2018-10-25 17:14:00,43
2018-10-25 17:12:00,44
2018-10-25 17:12:00,43
2018-10-25 17:08:00,45
2018-10-25 17:06:00,44
2018-10-25 17:04:00,45
2018-10-25 16:56:00,43
2018-10-25 16:54:00,45
2018-10-25 16:52:00,44
2018-10-25 16:50:00,42
2018-10-25 16:46:00,44
2018-10-25 16:44:00,44
2018-10-25 16:42:00,43
2018-10-25 16:40:00,44
2018-10-25 16:36:00,44
2018-10-25 16:30:00,44
2018-10-25 16:28:00,43
2018-10-25 16:26:00,44
2018-10-25 16:20:00,43
2018-10-25 16:18:00,44
2018-10-25 16:14:00,43
2018-10-25 16:06:00,44
2018-10-25 16:04:00,43
2018-10-25 16:02:00,44
2018-10-25 16:00:00,43
2018-10-25 15:56:00,44
2018-10-25 15:54:00,43
2018-10-25 15:52:00,43
2018-10-25 15:44:00,44
2018-10-25 15:40:00,44
2018-10-25 15:32:00,44
2018-10-25 15:28:00,44
2018-10-25 15:20:00,44
2018-10-25 15:18:00,44
2018-10-25 15:16:00,44
2018-10-25 15:14:00,45
2018-10-25 15:12:00,44
2018-10-25 15:12:00,44
2018-10-25 15:02:00,45
2018-10-25 15:02:00,45
2018-10-25 14:58:00,44
2018-10-25 14:54:00,45
2018-10-25 14:52:00,46
2018-10-25 14:50:00,44
2018-10-25 14:48:00,45
2018-10-25 14:46:00,46
2018-10-25 14:42:00,45
2018-10-25 14:36:00,46
2018-10-25 14:28:00,46
2018-10-25 14:24:00,46
2018-10-25 14:20:00,45
2018-10-25 14:18:00,46
2018-10-25 14:12:00,45
2018-10-25 14:11:00,46
2018-10-25 14:05:00,45
2018-10-25 14:03:00,46
2018-10-25 13:59:00,45
2018-10-25 13:57:00,46
2018-10-25 13:53:00,43
2018-10-25 13:49:00,45
2018-10-25 13:47:00,46
2018-10-25 13:37:00,45
2018-10-25 13:28:00,45
2018-10-25 13:26:00,46
2018-10-25 13:22:00,45
2018-10-25 13:20:00,46
2018-10-25 13:16:00,45
2018-10-25 13:04:00,46
2018-10-25 13:02:00,47
2018-10-25 13:00:00,46
2018-10-25 12:52:00,47
2018-10-25 12:42:00,46
2018-10-25 12:36:00,46
2018-10-25 12:30:00,46
2018-10-25 12:24:00,47
2018-10-25 12:12:00,47
2018-10-25 09:22:00,47
2018-10-25 09:19:00,47
2018-10-25 09:16:00,47
2018-10-25 09:11:00,47
2018-10-25 08:58:00,47
2018-10-25 08:56:00,46
2018-10-25 08:52:00,47
2018-10-25 08:46:00,47
2018-10-25 08:44:00,49
2018-10-25 08:32:00,47
2018-10-25 08:30:00,47
2018-10-25 08:30:00,46
2018-10-25 08:28:00,47
2018-10-25 08:28:00,47
2018-10-25 08:27:00,47
2018-10-25 08:27:00,47
2018-10-25 08:24:00,47
2018-10-25 08:20:00,46
2018-10-25 08:16:00,46
2018-10-25 08:14:00,47
2018-10-25 08:13:00,46
2018-10-25 08:11:00,47
2018-10-25 08:10:00,46
2018-10-25 08:00:00,47
2018-10-25 08:00:00,46
2018-10-25 07:56:00,47
2018-10-25 07:55:00,47
2018-10-25 07:51:00,47
2018-10-25 07:45:00,47
2018-10-25 07:32:00,47
2018-10-25 07:32:00,47
2018-10-25 07:30:00,46
2018-10-25 07:29:00,46
2018-10-25 07:29:00,47
2018-10-25 07:25:00,46
2018-10-25 07:24:00,47
2018-10-25 07:24:00,47
2018-10-25 07:23:00,46
2018-10-25 07:21:00,47
2018-10-25 07:19:00,46
2018-10-25 07:19:00,47
2018-10-25 07:15:00,45
2018-10-25 07:13:00,46
2018-10-25 07:13:00,47
2018-10-25 07:10:00,46
2018-10-25 07:04:00,46
2018-10-25 07:02:00,45
2018-10-25 06:52:00,46
2018-10-25 06:50:00,45
2018-10-25 06:48:00,46
2018-10-25 06:46:00,45
2018-10-25 06:43:00,45
2018-10-25 06:42:00,46
2018-10-25 06:38:00,45
2018-10-25 06:36:00,47
2018-10-25 06:32:00,46
2018-10-25 06:30:00,45
2018-10-25 06:28:00,46
2018-10-25 06:24:00,45
2018-10-25 06:14:00,46
2018-10-25 06:06:00,45
2018-10-25 06:02:00,46
2018-10-25 05:58:00,46
2018-10-24 15:29:00,44
2018-10-24 15:29:00,44
2018-10-24 15:25:00,45
2018-10-24 15:25:00,45
2018-10-24 15:23:00,44
2018-10-24 15:23:00,44
2018-10-24 15:21:00,45
2018-10-24 15:21:00,45
2018-10-24 15:17:00,44
2018-10-24 15:17:00,44
2018-10-24 15:15:00,45
2018-10-24 15:15:00,45
2018-10-24 15:13:00,44
2018-10-24 15:13:00,44
2018-10-24 15:09:00,44
2018-10-24 15:09:00,44
2018-10-24 15:05:00,45
2018-10-24 15:05:00,45
2018-10-24 15:01:00,44
2018-10-24 15:01:00,44
2018-10-24 14:55:00,45
2018-10-24 14:55:00,45
2018-10-24 14:53:00,46
2018-10-24 14:53:00,46
2018-10-24 14:49:00,45
2018-10-24 14:49:00,45
2018-10-24 14:45:00,44
2018-10-24 14:45:00,44
2018-10-24 14:41:00,45
2018-10-24 14:41:00,45
2018-10-24 14:39:00,44
2018-10-24 14:39:00,44
2018-10-24 14:35:00,45
2018-10-24 14:35:00,45
2018-10-24 14:33:00,46
2018-10-24 14:33:00,46
2018-10-24 14:31:00,45
2018-10-24 14:31:00,45
2018-10-24 14:29:00,44
2018-10-24 14:29:00,44
2018-10-24 14:27:00,46
2018-10-24 14:27:00,46
2018-10-24 14:25:00,44
2018-10-24 14:25:00,44
2018-10-24 14:23:00,46
2018-10-24 14:23:00,46
2018-10-24 14:15:00,45
2018-10-24 14:15:00,45
2018-10-24 14:14:00,46
2018-10-24 14:13:00,46
2018-10-24 14:10:00,45
2018-10-24 14:10:00,45
2018-10-24 13:54:00,46
2018-10-24 13:54:00,46
2018-10-24 13:52:00,47
2018-10-24 13:52:00,47
2018-10-24 13:50:00,46
2018-10-24 13:50:00,46
2018-10-24 13:48:00,47
2018-10-24 13:48:00,47
2018-10-24 13:44:00,46
2018-10-24 13:44:00,46
2018-10-24 13:42:00,47
2018-10-24 13:42:00,47
2018-10-24 13:40:00,46
2018-10-24 13:40:00,46
2018-10-24 12:38:00,47
2018-10-24 12:38:00,47
2018-10-24 12:36:00,48
2018-10-24 12:36:00,48
2018-10-24 12:24:00,47
2018-10-24 12:24:00,47
2018-10-24 11:52:00,48
2018-10-24 11:52:00,48
2018-10-24 11:46:00,47
2018-10-24 11:46:00,47
2018-10-24 11:44:00,48
2018-10-24 11:44:00,48
2018-10-24 11:38:00,47
2018-10-24 11:38:00,47
2018-10-24 11:36:00,48
2018-10-24 11:36:00,48
2018-10-24 11:30:00,47
2018-10-24 11:30:00,47
2018-10-24 10:58:00,48
2018-10-24 10:58:00,48
2018-10-24 10:56:00,47
2018-10-24 10:56:00,47
2018-10-24 10:54:00,48
2018-10-24 10:54:00,48
2018-10-24 10:50:00,47
2018-10-24 10:50:00,47
2018-10-24 10:44:00,48
2018-10-24 10:44:00,48
2018-10-24 10:42:00,47
2018-10-24 10:42:00,47
2018-10-24 10:30:00,48
2018-10-24 10:28:00,49
2018-10-24 10:28:00,49
2018-10-24 10:00:00,48
2018-10-24 10:00:00,48
2018-10-24 09:58:00,47
2018-10-24 09:58:00,47
2018-10-24 09:54:00,48
2018-10-24 09:54:00,48
2018-10-24 09:52:00,47
2018-10-24 09:52:00,47
2018-10-24 09:50:00,48
2018-10-24 09:50:00,48
2018-10-24 09:48:00,47
2018-10-24 09:46:00,48
2018-10-24 09:42:00,47
2018-10-24 09:42:00,47
2018-10-24 09:40:00,48
2018-10-24 09:40:00,48
2018-10-24 09:38:00,49
2018-10-24 09:38:00,49
2018-10-24 09:20:00,48
2018-10-24 09:20:00,48
2018-10-24 09:18:00,47
2018-10-24 09:18:00,47
2018-10-24 09:16:00,48
2018-10-24 09:16:00,48
2018-10-24 09:14:00,47
2018-10-24 09:14:00,47
2018-10-24 08:56:00,48
2018-10-24 08:56:00,48
2018-10-24 08:54:00,47
2018-10-24 08:54:00,47
2018-10-24 08:28:00,48
2018-10-24 08:28:00,48
2018-10-24 08:06:00,47
2018-10-24 08:06:00,47
2018-10-24 08:02:00,46
2018-10-24 07:58:00,47
2018-10-24 07:58:00,47
2018-10-24 07:56:00,46
2018-10-24 07:56:00,46
2018-10-24 07:54:00,47
2018-10-24 07:54:00,47
2018-10-24 07:48:00,45
2018-10-24 07:48:00,45
2018-10-24 07:46:00,46
2018-10-24 07:46:00,46
2018-10-24 07:42:00,45
2018-10-24 07:42:00,45
2018-10-24 07:40:00,44
2018-10-24 07:40:00,44
2018-10-24 07:38:00,45
2018-10-24 07:38:00,45
2018-10-24 07:36:00,46
2018-10-24 07:36:00,46
2018-10-24 07:30:00,45
2018-10-24 07:30:00,45
2018-10-24 07:28:00,44
2018-10-24 07:28:00,44
2018-10-24 07:26:00,45
2018-10-24 07:26:00,45
2018-10-24 07:24:00,44
2018-10-24 07:24:00,44
2018-10-24 07:16:00,46
2018-10-24 07:16:00,46
2018-10-24 07:12:00,45
2018-10-24 07:12:00,45
2018-10-24 07:06:00,46
2018-10-24 07:06:00,46
2018-10-24 07:04:00,44
2018-10-24 07:04:00,44
2018-10-23 22:50:00,38
2018-10-23 22:48:00,39
2018-10-23 22:46:00,38
2018-10-23 22:38:00,39
2018-10-23 22:36:00,38
2018-10-23 22:34:00,39
2018-10-23 22:22:00,39
2018-10-23 22:16:00,39
2018-10-23 22:14:00,39
2018-10-23 22:12:00,39
2018-10-23 22:10:00,39
2018-10-23 22:04:00,39
2018-10-23 22:02:00,40
2018-10-23 22:00:00,40
2018-10-23 21:58:00,39
2018-10-23 21:56:00,40
2018-10-23 21:52:00,40
2018-10-23 21:44:00,40
2018-10-23 21:38:00,41
2018-10-23 21:36:00,41
2018-10-23 21:30:00,42
2018-10-23 21:28:00,43
2018-10-23 21:26:00,44
2018-10-23 21:24:00,43
2018-10-23 21:20:00,44
2018-10-23 21:18:00,43
2018-10-23 21:16:00,44
2018-10-23 21:14:00,43
2018-10-23 21:12:00,44
2018-10-23 21:10:00,43
2018-10-23 21:02:00,42
2018-10-23 20:59:00,43
2018-10-23 20:53:00,44
2018-10-23 20:47:00,45
2018-10-23 20:45:00,44
2018-10-23 20:31:00,45
2018-10-23 20:25:00,44
2018-10-23 20:23:00,45
2018-10-23 20:21:00,44
2018-10-23 20:17:00,45
2018-10-23 20:13:00,44
2018-10-23 20:11:00,45
2018-10-23 20:07:00,44
2018-10-23 19:49:00,43
2018-10-23 19:47:00,42
2018-10-23 19:45:00,43
2018-10-23 19:43:00,42
2018-10-23 19:39:00,43
2018-10-23 19:37:00,42
2018-10-23 19:35:00,43
2018-10-23 19:31:00,42
2018-10-23 19:27:00,42
2018-10-23 19:25:00,43
2018-10-23 19:23:00,42
2018-10-23 19:17:00,43
2018-10-23 19:13:00,44
2018-10-23 19:11:00,43
2018-10-23 19:09:00,44
2018-10-23 19:05:00,43
2018-10-23 19:01:00,44
2018-10-23 18:59:00,43
2018-10-23 18:55:00,44
2018-10-23 18:51:00,43
2018-10-23 18:37:00,44
2018-10-23 18:31:00,43
2018-10-23 18:15:00,44
2018-10-23 18:11:00,45
2018-10-23 18:09:00,48
2018-10-23 18:05:00,45
2018-10-23 18:03:00,44
2018-10-23 18:01:00,45
2018-10-23 17:59:00,47
2018-10-23 17:57:00,46
2018-10-23 17:53:00,45
2018-10-23 17:13:00,44
2018-10-23 17:11:00,46
2018-10-23 16:59:00,45
2018-10-23 16:49:00,44
2018-10-23 16:47:00,45
2018-10-23 16:45:00,44
2018-10-23 16:43:00,45
2018-10-23 16:31:00,44
2018-10-23 16:29:00,45
2018-10-23 16:21:00,44
2018-10-23 16:19:00,45
2018-10-23 16:17:00,44
2018-10-23 16:15:00,45
2018-10-23 16:11:00,44
2018-10-23 16:09:00,45
2018-10-23 16:05:00,44
2018-10-23 16:01:00,45
2018-10-23 15:59:00,44
2018-10-23 15:57:00,45
2018-10-23 15:55:00,44
2018-10-23 15:53:00,45
2018-10-23 15:51:00,44
2018-10-23 15:49:00,45
2018-10-23 15:45:00,44
2018-10-23 15:43:00,45
2018-10-23 15:25:00,44
2018-10-23 15:23:00,45
2018-10-23 15:17:00,44
2018-10-23 15:15:00,45
2018-10-23 15:13:00,44
2018-10-23 14:55:00,45
2018-10-23 14:53:00,46
2018-10-23 14:45:00,45
2018-10-23 14:41:00,44
2018-10-23 14:29:00,45
2018-10-23 14:27:00,46
2018-10-23 14:25:00,44
2018-10-23 14:21:00,45
2018-10-23 14:19:00,46
2018-10-23 14:15:00,45
2018-10-23 14:13:00,46
2018-10-23 14:11:00,45
2018-10-23 14:09:00,46
2018-10-23 14:07:00,45
2018-10-23 14:01:00,46
2018-10-23 13:59:00,47
2018-10-23 13:57:00,45
2018-10-23 13:45:00,46
2018-10-23 13:43:00,45
2018-10-23 13:33:00,46
2018-10-23 13:31:00,47
2018-10-23 13:29:00,46
2018-10-23 13:25:00,47
2018-10-23 13:23:00,46
2018-10-23 13:19:00,47
2018-10-23 13:17:00,46
2018-10-23 12:51:00,47
2018-10-23 12:49:00,48
2018-10-23 12:41:00,47
2018-10-23 12:39:00,46
2018-10-23 12:21:00,47
2018-10-23 12:19:00,48
2018-10-23 12:17:00,47
2018-10-23 12:13:00,47
2018-10-23 12:11:00,48
2018-10-23 12:01:00,48
2018-10-23 11:57:00,47
2018-10-23 11:55:00,48
2018-10-23 11:53:00,47
2018-10-23 11:45:00,48
2018-10-23 11:37:00,47
2018-10-23 11:23:00,48
2018-10-23 11:21:00,47
2018-10-23 11:05:00,48
2018-10-23 11:03:00,47
2018-10-23 10:59:00,48
2018-10-23 10:53:00,47
2018-10-23 10:23:00,48
2018-10-23 10:17:00,48
2018-10-23 10:13:00,47
2018-10-23 10:09:00,48
2018-10-23 09:51:00,47
2018-10-23 09:49:00,46
2018-10-23 09:45:00,45
2018-10-23 09:39:00,46
2018-10-23 09:37:00,47
2018-10-23 09:33:00,46
2018-10-23 09:15:00,47
2018-10-23 09:13:00,46
2018-10-23 09:09:00,47
2018-10-23 09:07:00,46
2018-10-23 09:05:00,47
2018-10-23 08:59:00,46
2018-10-23 08:57:00,45
2018-10-23 08:55:00,47
2018-10-23 08:49:00,46
2018-10-23 08:47:00,47
2018-10-23 08:45:00,46
2018-10-23 08:37:00,47
2018-10-23 08:35:00,48
2018-10-23 08:33:00,47
2018-10-23 08:31:00,45
2018-10-23 08:13:00,47
2018-10-23 08:11:00,46
2018-10-23 08:05:00,47
2018-10-23 08:02:00,46
2018-10-23 08:00:00,45
2018-10-23 07:58:00,46
2018-10-23 07:56:00,47
2018-10-23 07:50:00,46
2018-10-23 07:48:00,45
2018-10-23 07:46:00,44
2018-10-23 07:40:00,45
2018-10-23 07:34:00,46
2018-10-23 07:30:00,45
2018-10-23 07:20:00,46
2018-10-23 07:18:00,45
2018-10-23 07:16:00,46
2018-10-23 07:08:00,45
2018-10-23 07:06:00,46
2018-10-23 07:00:00,45
2018-10-23 06:58:00,44
2018-10-23 06:56:00,43
2018-10-23 06:54:00,44
2018-10-23 06:52:00,45
2018-10-23 06:48:00,44
2018-10-23 06:42:00,45
2018-10-23 06:40:00,44
2018-10-23 06:38:00,45
2018-10-23 06:32:00,44
2018-10-23 06:30:00,45
2018-10-23 06:28:00,44
2018-10-23 06:24:00,45
2018-10-23 06:22:00,44
2018-10-23 06:20:00,46
2018-10-23 06:14:00,45
2018-10-23 06:12:00,44
2018-10-23 06:06:00,44
2018-10-23 06:04:00,45
2018-10-23 06:02:00,44
2018-10-23 05:56:00,44
2018-10-23 05:54:00,44
2018-10-23 05:52:00,43
2018-10-23 05:46:00,44
2018-10-23 05:42:00,44
2018-10-23 05:40:00,44
2018-10-23 05:38:00,43
2018-10-23 05:36:00,44
2018-10-23 05:34:00,44
2018-10-23 05:32:00,44
2018-10-23 05:30:00,43
2018-10-23 05:26:00,43
2018-10-23 05:24:00,44
2018-10-23 05:20:00,44
2018-10-23 05:18:00,44
2018-10-23 05:14:00,43
2018-10-23 05:10:00,43
2018-10-23 05:08:00,44
2018-10-23 05:06:00,43
2018-10-23 05:04:00,42
2018-10-23 05:02:00,42
2018-10-23 05:00:00,42
2018-10-23 04:58:00,43
2018-10-23 04:56:00,43
2018-10-23 04:54:00,43
2018-10-23 04:48:00,42
2018-10-23 04:46:00,42
2018-10-23 04:44:00,41
2018-10-23 04:42:00,41
2018-10-23 04:40:00,42
2018-10-23 04:38:00,42
2018-10-23 04:32:00,41
2018-10-23 04:30:00,41
2018-10-23 04:28:00,43
2018-10-23 04:26:00,42
2018-10-23 04:24:00,42
2018-10-23 04:22:00,42
2018-10-23 04:20:00,42
2018-10-23 04:18:00,42
2018-10-23 04:16:00,42
2018-10-23 04:12:00,42
2018-10-23 04:10:00,41
2018-10-23 04:08:00,40
2018-10-23 04:06:00,40
2018-10-23 04:04:00,40
2018-10-23 04:02:00,39
2018-10-23 04:00:00,41
2018-10-23 03:58:00,39
2018-10-23 03:56:00,39
2018-10-23 03:54:00,40
2018-10-23 03:52:00,40
2018-10-23 03:50:00,40
2018-10-23 03:46:00,41
2018-10-23 03:44:00,39
2018-10-23 03:42:00,40
2018-10-23 03:40:00,40
2018-10-23 03:38:00,40
2018-10-23 03:36:00,41
2018-10-23 03:36:00,40
2018-10-23 03:34:00,40
2018-10-23 03:32:00,39
2018-10-23 03:30:00,38
2018-10-23 03:28:00,40
2018-10-23 03:26:00,39
2018-10-23 03:24:00,39
2018-10-23 03:22:00,38
2018-10-23 03:20:00,39
2018-10-23 03:18:00,39
2018-10-23 03:16:00,38
2018-10-23 03:14:00,39
2018-10-23 03:12:00,39
2018-10-23 03:10:00,38
2018-10-23 03:08:00,39
2018-10-23 03:06:00,39
2018-10-23 03:04:00,39
2018-10-23 03:02:00,39
2018-10-23 03:00:00,38
2018-10-23 02:58:00,38
2018-10-23 02:56:00,38
2018-10-23 02:54:00,39
2018-10-23 02:52:00,38
2018-10-23 02:50:00,37
2018-10-23 02:48:00,37
2018-10-23 02:42:00,37
2018-10-23 02:40:00,37
2018-10-23 02:38:00,37
2018-10-23 02:36:00,37
2018-10-23 02:34:00,36
2018-10-23 02:32:00,36
2018-10-23 02:30:00,37
2018-10-23 02:28:00,36
2018-10-23 02:26:00,36
2018-10-23 02:22:00,36
2018-10-23 02:18:00,37
2018-10-23 02:12:00,36
2018-10-23 02:10:00,36
2018-10-23 02:06:00,36
2018-10-23 02:04:00,37
2018-10-23 02:02:00,36
2018-10-23 02:00:00,37
2018-10-23 01:58:00,37
2018-10-23 01:50:00,38
2018-10-23 01:48:00,37
2018-10-23 01:46:00,38
2018-10-23 01:44:00,38
2018-10-23 01:42:00,39
2018-10-23 01:36:00,38
2018-10-23 01:32:00,38
2018-10-23 01:30:00,39
2018-10-23 01:28:00,39
2018-10-23 01:26:00,37
2018-10-23 01:16:00,39
2018-10-23 01:14:00,38
2018-10-23 01:12:00,38
2018-10-23 01:10:00,38
2018-10-23 01:06:00,39
2018-10-23 01:04:00,38
2018-10-23 01:02:00,39
2018-10-23 01:00:00,38
2018-10-23 00:58:00,37
2018-10-23 00:56:00,38
2018-10-23 00:54:00,39
2018-10-23 00:52:00,41
2018-10-23 00:50:00,41
2018-10-23 00:48:00,40
2018-10-23 00:46:00,41
2018-10-23 00:42:00,40
2018-10-23 00:40:00,40
2018-10-23 00:38:00,39
2018-10-23 00:32:00,40
2018-10-23 00:30:00,41
2018-10-23 00:26:00,40
2018-10-23 00:24:00,40
2018-10-23 00:20:00,41
2018-10-23 00:18:00,40
2018-10-23 00:14:00,41
2018-10-23 00:12:00,40
2018-10-23 00:04:00,40
2018-10-22 23:58:00,40
2018-10-22 23:54:00,40
2018-10-22 23:52:00,41
2018-10-22 23:46:00,40
2018-10-22 23:42:00,39
2018-10-22 23:36:00,40
2018-10-22 23:34:00,41
2018-10-22 23:32:00,40
2018-10-22 23:30:00,41
2018-10-22 23:26:00,40
2018-10-22 23:00:00,41
2018-10-22 22:56:00,42
2018-10-22 22:52:00,41
2018-10-22 22:50:00,42
2018-10-22 22:40:00,41
2018-10-22 22:38:00,42
2018-10-22 22:32:00,41
2018-10-22 22:30:00,42
2018-10-22 22:28:00,40
2018-10-22 22:26:00,42
2018-10-22 22:22:00,41
2018-10-22 22:18:00,42
2018-10-22 22:16:00,41
2018-10-22 21:58:00,42
2018-10-22 21:48:00,43
2018-10-22 21:44:00,44
2018-10-22 21:42:00,45
2018-10-22 21:34:00,44
2018-10-22 21:30:00,45
2018-10-22 21:24:00,44
2018-10-22 21:20:00,45
2018-10-22 21:18:00,44
2018-10-22 21:14:00,45
2018-10-22 21:00:00,44
2018-10-22 20:56:00,45
2018-10-22 20:52:00,44
2018-10-22 20:50:00,43
2018-10-22 20:48:00,44
2018-10-22 20:44:00,43
2018-10-22 20:40:00,42
2018-10-22 20:38:00,41
2018-10-22 20:32:00,42
2018-10-22 20:30:00,43
2018-10-22 20:26:00,42
2018-10-22 20:24:00,41
2018-10-22 20:22:00,42
2018-10-22 20:04:00,42
2018-10-22 20:02:00,41
2018-10-22 19:46:00,42
2018-10-22 19:42:00,41
2018-10-22 19:40:00,40
2018-10-22 19:38:00,42
2018-10-22 19:36:00,42
2018-10-22 19:30:00,41
2018-10-22 19:24:00,41
2018-10-22 19:22:00,42
2018-10-22 19:17:00,43
2018-10-22 19:15:00,43
2018-10-22 19:13:00,42
2018-10-22 19:07:00,43
2018-10-22 19:05:00,42
2018-10-22 19:03:00,43
2018-10-22 19:01:00,42
2018-10-22 18:59:00,43
2018-10-22 18:53:00,42
2018-10-22 18:51:00,41
2018-10-22 18:49:00,41
2018-10-22 18:47:00,40
2018-10-22 18:45:00,41
2018-10-22 18:39:00,41
2018-10-22 18:37:00,41
2018-10-22 18:35:00,41
2018-10-22 18:33:00,43
2018-10-22 18:29:00,42
2018-10-22 18:23:00,43
2018-10-22 18:21:00,43
2018-10-22 18:13:00,43
2018-10-22 18:11:00,43
2018-10-22 18:09:00,43
2018-10-22 18:03:00,44
2018-10-22 17:59:00,43
2018-10-22 17:51:00,44
2018-10-22 17:49:00,44
2018-10-22 17:47:00,45
2018-10-22 17:45:00,43
2018-10-22 17:31:00,44
2018-10-22 17:29:00,45
2018-10-22 17:07:00,44
2018-10-22 17:05:00,45
2018-10-22 17:03:00,44
2018-10-22 17:01:00,45
2018-10-22 16:57:00,44
2018-10-22 16:55:00,45
2018-10-22 16:43:00,43
2018-10-22 16:37:00,44
2018-10-22 16:35:00,43
2018-10-22 16:31:00,44
2018-10-22 16:29:00,45
2018-10-22 16:27:00,44
2018-10-22 16:25:00,45
2018-10-22 16:19:00,44
2018-10-22 16:17:00,45
2018-10-22 16:15:00,44
2018-10-22 16:11:00,45
2018-10-22 16:09:00,44
2018-10-22 16:07:00,45
2018-10-22 16:03:00,44
2018-10-22 16:01:00,45
2018-10-22 15:59:00,44
2018-10-22 15:57:00,45
2018-10-22 15:55:00,44
2018-10-22 15:53:00,45
2018-10-22 15:51:00,44
2018-10-22 15:49:00,45
2018-10-22 15:43:00,44
2018-10-22 15:37:00,45
2018-10-22 15:25:00,44
2018-10-22 15:23:00,45
2018-10-22 15:21:00,44
2018-10-22 15:11:00,45
2018-10-22 15:07:00,44
2018-10-22 15:05:00,45
2018-10-22 15:03:00,44
2018-10-22 14:59:00,45
2018-10-22 14:57:00,44
2018-10-22 14:39:00,45
2018-10-22 14:37:00,46
2018-10-22 14:33:00,45
2018-10-22 14:31:00,46
2018-10-22 14:29:00,45
2018-10-22 14:27:00,46
2018-10-22 14:25:00,45
2018-10-22 14:23:00,46
2018-10-22 14:21:00,45
2018-10-22 14:13:00,45
2018-10-22 14:09:00,46
2018-10-22 14:07:00,45
2018-10-22 13:57:00,46
2018-10-22 13:55:00,45
2018-10-22 13:51:00,46
2018-10-22 13:49:00,45
2018-10-22 13:47:00,46
2018-10-22 13:23:00,45
2018-10-22 13:19:00,46
2018-10-22 13:15:00,45
2018-10-22 13:13:00,46
2018-10-22 13:01:00,45
2018-10-22 12:47:00,46
2018-10-22 12:11:00,47
2018-10-22 12:09:00,48
2018-10-22 11:47:00,47
2018-10-22 11:23:00,48
2018-10-22 11:21:00,47
2018-10-22 10:45:00,48
2018-10-22 10:37:00,47
2018-10-22 10:19:00,48
2018-10-22 10:17:00,47
2018-10-22 10:11:00,48
2018-10-22 10:03:00,47
2018-10-22 10:01:00,46
2018-10-22 09:59:00,47
2018-10-22 09:53:00,48
2018-10-22 09:51:00,47
2018-10-22 09:45:00,47
2018-10-22 09:43:00,48
2018-10-22 09:29:00,47
2018-10-22 09:27:00,45
2018-10-22 09:25:00,46
2018-10-22 09:23:00,47
2018-10-22 09:21:00,46
2018-10-22 09:07:00,47
2018-10-22 08:59:00,46
2018-10-22 08:45:00,47
2018-10-22 08:43:00,46
2018-10-22 08:37:00,46
2018-10-22 08:35:00,44
2018-10-22 08:31:00,45
2018-10-22 08:29:00,46
2018-10-22 08:27:00,48
2018-10-22 08:21:00,47
2018-10-22 08:11:00,47
2018-10-22 08:05:00,46
2018-10-22 08:03:00,47
2018-10-22 07:59:00,47
2018-10-22 07:51:00,46
2018-10-22 07:49:00,47
2018-10-22 07:39:00,46
2018-10-22 07:37:00,45
2018-10-22 07:28:00,45
2018-10-22 07:25:00,47
2018-10-22 07:23:00,45
2018-10-22 07:15:00,46
2018-10-22 07:13:00,45
2018-10-22 07:09:00,46
2018-10-22 07:07:00,45
2018-10-22 07:05:00,46
2018-10-22 07:03:00,45
2018-10-22 07:01:00,44
2018-10-22 06:57:00,46
2018-10-22 06:55:00,45
2018-10-22 06:53:00,46
2018-10-22 06:47:00,45
2018-10-22 06:45:00,44
2018-10-22 06:43:00,45
2018-10-22 06:37:00,46
2018-10-22 06:23:00,45
2018-10-22 06:21:00,46
2018-10-22 06:19:00,45
2018-10-22 06:17:00,44
2018-10-22 06:05:00,45
2018-10-22 05:59:00,44
2018-10-22 05:57:00,43
2018-10-22 05:53:00,44
2018-10-22 05:51:00,45
2018-10-22 05:43:00,44
2018-10-22 05:41:00,43
2018-10-22 05:35:00,44
2018-10-22 05:33:00,45
2018-10-22 05:29:00,44
2018-10-22 04:53:00,43
2018-10-22 04:41:00,42
2018-10-22 04:39:00,41
2018-10-22 04:31:00,42
2018-10-22 04:27:00,41
2018-10-22 04:25:00,42
2018-10-22 04:15:00,41
2018-10-22 04:13:00,40
2018-10-22 04:11:00,41
2018-10-22 04:07:00,40
2018-10-22 04:05:00,41
2018-10-22 04:03:00,40
2018-10-22 04:01:00,40
2018-10-22 03:59:00,41
2018-10-22 03:55:00,41
2018-10-22 03:53:00,39
2018-10-22 03:51:00,40
2018-10-22 03:47:00,40
2018-10-22 03:45:00,41
2018-10-22 03:43:00,41
2018-10-22 03:41:00,41
2018-10-22 03:37:00,41
2018-10-22 03:33:00,41
2018-10-22 03:31:00,40
2018-10-22 03:29:00,41
2018-10-22 03:25:00,41
2018-10-22 03:23:00,41
2018-10-22 03:21:00,41
2018-10-22 03:19:00,41
2018-10-22 03:15:00,41
2018-10-22 03:11:00,41
2018-10-22 03:07:00,40
2018-10-22 03:05:00,40
2018-10-22 03:03:00,40
2018-10-22 03:01:00,40
2018-10-22 02:59:00,39
2018-10-22 02:57:00,40
2018-10-22 02:55:00,39
2018-10-22 02:53:00,39
2018-10-22 02:51:00,39
2018-10-22 02:47:00,39
2018-10-22 02:45:00,38
2018-10-22 02:41:00,38
2018-10-22 02:37:00,38
2018-10-22 02:33:00,37
2018-10-22 02:29:00,37
2018-10-22 02:27:00,36
2018-10-22 02:25:00,36
2018-10-22 02:23:00,37
2018-10-22 02:22:00,36
2018-10-22 02:20:00,36
2018-10-22 02:18:00,36
2018-10-22 02:16:00,37
2018-10-22 02:14:00,38
2018-10-22 02:12:00,38
2018-10-22 02:10:00,39
2018-10-22 02:08:00,38
2018-10-22 02:06:00,37
2018-10-22 02:04:00,38
2018-10-22 02:02:00,38
2018-10-22 02:00:00,38
2018-10-22 01:58:00,38
2018-10-22 01:56:00,38
2018-10-22 01:54:00,38
2018-10-22 01:52:00,38
2018-10-22 01:50:00,38
2018-10-22 01:46:00,39
2018-10-22 01:44:00,38
2018-10-22 01:42:00,37
2018-10-22 01:40:00,38
2018-10-22 01:38:00,38
2018-10-22 01:34:00,39
2018-10-22 01:32:00,39
2018-10-22 01:30:00,40
2018-10-22 01:28:00,40
2018-10-22 01:26:00,40
2018-10-22 01:24:00,41
2018-10-22 01:22:00,41
2018-10-22 01:20:00,41
2018-10-22 01:18:00,41
2018-10-22 01:16:00,40
2018-10-22 01:14:00,41
2018-10-22 01:12:00,41
2018-10-22 01:10:00,41
2018-10-22 01:08:00,41
2018-10-22 01:06:00,41
2018-10-22 01:04:00,40
2018-10-22 01:02:00,41
2018-10-22 00:58:00,40
2018-10-22 00:54:00,41
2018-10-22 00:52:00,40
2018-10-22 00:48:00,41
2018-10-22 00:46:00,41
2018-10-22 00:44:00,40
2018-10-22 00:42:00,39
2018-10-22 00:40:00,39
2018-10-22 00:38:00,40
2018-10-22 00:32:00,40
2018-10-22 00:30:00,40
2018-10-22 00:28:00,41
2018-10-22 00:26:00,40
2018-10-22 00:24:00,39
2018-10-22 00:22:00,40
2018-10-22 00:20:00,39
2018-10-22 00:18:00,40
2018-10-22 00:14:00,40
2018-10-22 00:12:00,41
2018-10-22 00:10:00,40
2018-10-22 00:08:00,39
2018-10-22 00:06:00,40
2018-10-22 00:02:00,40
2018-10-22 00:00:00,40
2018-10-21 23:54:00,41
2018-10-21 23:52:00,41
2018-10-21 23:50:00,40
2018-10-21 23:48:00,41
2018-10-21 23:46:00,41
2018-10-21 23:42:00,41
2018-10-21 23:40:00,40
2018-10-21 23:38:00,40
2018-10-21 23:36:00,39
2018-10-21 23:34:00,38
2018-10-21 23:32:00,38
2018-10-21 23:30:00,38
2018-10-21 23:26:00,38
2018-10-21 23:24:00,38
2018-10-21 23:22:00,38
2018-10-21 23:20:00,40
2018-10-21 23:18:00,39
2018-10-21 23:16:00,40
2018-10-21 23:14:00,41
2018-10-21 23:12:00,41
2018-10-21 23:10:00,41
2018-10-21 23:04:00,41
2018-10-21 23:02:00,41
2018-10-21 23:00:00,41
2018-10-21 22:58:00,41
2018-10-21 22:54:00,40
2018-10-21 22:50:00,39
2018-10-21 22:48:00,40
2018-10-21 22:46:00,41
2018-10-21 22:42:00,41
2018-10-21 22:40:00,40
2018-10-21 22:38:00,41
2018-10-21 22:36:00,41
2018-10-21 22:34:00,40
2018-10-21 22:32:00,40
2018-10-21 22:30:00,40
2018-10-21 22:28:00,40
2018-10-21 22:26:00,39
2018-10-21 22:24:00,39
2018-10-21 22:22:00,40
2018-10-21 22:20:00,41
2018-10-21 22:18:00,41
2018-10-21 22:14:00,41
2018-10-21 22:12:00,40
2018-10-21 22:08:00,40
2018-10-21 22:00:00,39
2018-10-21 21:58:00,39
2018-10-21 21:56:00,38
2018-10-21 21:54:00,39
2018-10-21 21:52:00,39
2018-10-21 21:46:00,40
2018-10-21 21:34:00,42
2018-10-21 21:32:00,41
2018-10-21 21:30:00,41
2018-10-21 21:26:00,41
2018-10-21 21:24:00,41
2018-10-21 21:22:00,42
2018-10-21 21:20:00,42
2018-10-21 21:18:00,41
2018-10-21 21:16:00,40
2018-10-21 21:14:00,41
2018-10-21 21:10:00,42
2018-10-21 21:08:00,42
2018-10-21 21:06:00,41
2018-10-21 21:00:00,42
2018-10-21 20:58:00,42
2018-10-21 20:56:00,41
2018-10-21 20:52:00,42
2018-10-21 20:48:00,41
2018-10-21 20:46:00,39
2018-10-21 20:44:00,38
2018-10-21 20:40:00,39
2018-10-21 20:34:00,39
2018-10-21 20:32:00,40
2018-10-21 20:26:00,39
2018-10-21 20:24:00,40
2018-10-21 20:22:00,39
2018-10-21 20:20:00,39
2018-10-21 20:18:00,40
2018-10-21 20:16:00,40
2018-10-21 20:10:00,41
2018-10-21 20:02:00,42
2018-10-21 19:58:00,41
2018-10-21 19:56:00,41
2018-10-21 19:54:00,41
2018-10-21 19:52:00,40
2018-10-21 19:50:00,41
2018-10-21 19:46:00,39
2018-10-21 19:44:00,40
2018-10-21 19:40:00,42
2018-10-21 19:36:00,43
2018-10-21 19:34:00,42
2018-10-21 19:32:00,43
2018-10-21 19:28:00,42
2018-10-21 19:26:00,42
2018-10-21 19:22:00,41
2018-10-21 19:20:00,40
2018-10-21 19:18:00,40
2018-10-21 19:14:00,39
2018-10-21 19:12:00,41
2018-10-21 19:08:00,42
2018-10-21 19:06:00,40
2018-10-21 19:02:00,41
2018-10-21 18:58:00,43
2018-10-21 18:56:00,44
2018-10-21 18:48:00,43
2018-10-21 18:46:00,42
2018-10-21 18:38:00,43
2018-10-21 18:36:00,44
2018-10-21 18:26:00,43
2018-10-21 18:18:00,42
2018-10-21 18:16:00,41
2018-10-21 18:14:00,42
2018-10-21 18:02:00,41
2018-10-21 18:00:00,40
2018-10-21 17:48:00,41
2018-10-21 17:38:00,42
2018-10-21 17:34:00,41
2018-10-21 17:32:00,42
2018-10-21 17:28:00,41
2018-10-21 17:26:00,42
2018-10-21 17:24:00,41
2018-10-21 17:22:00,42
2018-10-21 17:16:00,43
2018-10-21 17:10:00,42
2018-10-21 17:08:00,41
2018-10-21 17:06:00,42
2018-10-21 17:04:00,41
2018-10-21 16:54:00,42
2018-10-21 16:46:00,43
2018-10-21 16:44:00,44
2018-10-21 16:38:00,45
2018-10-21 16:32:00,44
2018-10-21 16:18:00,44
2018-10-21 16:16:00,45
2018-10-21 16:14:00,46
2018-10-21 16:12:00,45
2018-10-21 16:06:00,45
2018-10-21 16:04:00,46
2018-10-21 15:56:00,45
2018-10-21 15:54:00,47
2018-10-21 15:30:00,45
2018-10-21 15:28:00,46
2018-10-21 15:26:00,45
2018-10-21 15:24:00,46
2018-10-21 15:18:00,45
2018-10-21 15:16:00,46
2018-10-21 14:58:00,45
2018-10-21 14:56:00,46
2018-10-21 14:50:00,45
2018-10-21 14:48:00,46
2018-10-21 14:44:00,45
2018-10-21 14:42:00,46
2018-10-21 14:40:00,45
2018-10-21 14:36:00,46
2018-10-21 14:34:00,47
2018-10-21 14:30:00,46
2018-10-21 11:34:00,48
2018-10-21 11:30:00,49
2018-10-21 11:20:00,48
2018-10-21 11:18:00,49
2018-10-21 11:00:00,48
2018-10-21 10:54:00,49
2018-10-21 10:52:00,48
2018-10-21 10:50:00,47
2018-10-21 10:48:00,48
2018-10-21 10:46:00,47
2018-10-21 10:42:00,48
2018-10-21 10:40:00,49
2018-10-21 10:28:00,48
2018-10-21 10:08:00,48
2018-10-21 10:04:00,49
2018-10-21 09:54:00,48
2018-10-21 09:48:00,49
2018-10-21 09:36:00,48
2018-10-21 09:32:00,49
2018-10-21 09:19:00,48
2018-10-21 09:15:00,49
2018-10-21 09:01:00,48
2018-10-21 08:59:00,49
2018-10-21 08:45:00,48
2018-10-21 08:39:00,49
2018-10-21 08:11:00,48
2018-10-21 08:01:00,48
2018-10-21 07:59:00,49
2018-10-21 07:49:00,48
2018-10-21 07:47:00,47
2018-10-21 07:45:00,48
2018-10-21 07:41:00,47
2018-10-21 07:39:00,48
2018-10-21 07:35:00,49
2018-10-21 07:29:00,48
2018-10-21 07:27:00,49
2018-10-21 07:05:00,48
2018-10-21 07:03:00,49
2018-10-21 06:47:00,48
2018-10-21 06:45:00,47
2018-10-21 06:43:00,48
2018-10-21 06:35:00,47
2018-10-21 06:31:00,48
2018-10-21 06:27:00,49
2018-10-21 05:57:00,48
2018-10-21 05:55:00,47
2018-10-21 05:53:00,48
2018-10-21 05:41:00,47
2018-10-21 05:39:00,46
2018-10-21 05:37:00,47
2018-10-21 05:35:00,48
2018-10-21 05:33:00,48
2018-10-21 05:31:00,47
2018-10-21 05:29:00,48
2018-10-21 05:27:00,47
2018-10-21 05:25:00,48
2018-10-21 05:05:00,47
2018-10-21 05:03:00,46
2018-10-21 05:01:00,47
2018-10-21 04:57:00,46
2018-10-21 04:55:00,47
2018-10-21 04:37:00,46
2018-10-21 04:35:00,45
2018-10-21 04:31:00,46
2018-10-21 04:23:00,45
2018-10-21 04:21:00,44
2018-10-21 04:17:00,45
2018-10-21 04:13:00,44
2018-10-21 04:11:00,45
2018-10-21 04:05:00,44
2018-10-21 03:53:00,43
2018-10-21 03:51:00,42
2018-10-21 03:49:00,43
2018-10-21 03:47:00,42
2018-10-21 03:43:00,42
2018-10-21 03:39:00,42
2018-10-21 03:37:00,42
2018-10-21 03:19:00,42
2018-10-21 03:17:00,42
2018-10-21 03:15:00,42
2018-10-21 03:09:00,42
2018-10-21 03:05:00,42
2018-10-21 03:03:00,42
2018-10-21 02:55:00,41
2018-10-21 02:49:00,41
2018-10-21 02:47:00,40
2018-10-21 02:43:00,40
2018-10-21 02:41:00,39
2018-10-21 02:39:00,39
2018-10-21 02:37:00,39
2018-10-21 02:35:00,38
2018-10-21 02:33:00,39
2018-10-21 02:29:00,38
2018-10-21 02:27:00,38
2018-10-21 02:23:00,37
2018-10-21 02:21:00,37
2018-10-21 02:19:00,37
2018-10-21 02:17:00,36
2018-10-21 02:15:00,37
2018-10-21 02:13:00,36
2018-10-21 02:09:00,37
2018-10-21 02:07:00,36
2018-10-21 02:05:00,37
2018-10-21 02:03:00,37
2018-10-21 01:51:00,37
2018-10-21 01:47:00,37
2018-10-21 01:43:00,37
2018-10-21 01:39:00,37
2018-10-21 01:29:00,37
2018-10-21 01:27:00,36
2018-10-21 01:25:00,37
2018-10-21 01:23:00,36
2018-10-21 01:21:00,37
2018-10-21 01:19:00,35
2018-10-21 01:15:00,36
2018-10-21 01:13:00,37
2018-10-21 01:11:00,36
2018-10-21 01:09:00,37
2018-10-21 01:05:00,36
2018-10-21 01:01:00,37
2018-10-21 00:57:00,36
2018-10-21 00:53:00,37
2018-10-21 00:51:00,37
2018-10-21 00:49:00,37
2018-10-21 00:45:00,36
2018-10-21 00:43:00,36
2018-10-21 00:41:00,36
2018-10-21 00:35:00,36
2018-10-21 00:33:00,37
2018-10-21 00:31:00,36
2018-10-21 00:29:00,36
2018-10-21 00:25:00,36
2018-10-21 00:23:00,35
2018-10-21 00:21:00,36
2018-10-21 00:19:00,36
2018-10-21 00:17:00,37
2018-10-21 00:15:00,36
2018-10-21 00:13:00,37
2018-10-21 00:11:00,37
2018-10-21 00:09:00,37
2018-10-21 00:07:00,38
2018-10-21 00:05:00,38
2018-10-20 23:53:00,38
2018-10-20 23:51:00,38
2018-10-20 23:49:00,39
2018-10-20 23:47:00,40
2018-10-20 23:45:00,41
2018-10-20 23:43:00,42
2018-10-20 23:39:00,42
2018-10-20 23:35:00,42
2018-10-20 23:31:00,41
2018-10-20 23:29:00,40
2018-10-20 23:27:00,40
2018-10-20 23:25:00,41
2018-10-20 23:23:00,39
2018-10-20 23:21:00,39
2018-10-20 23:17:00,40
2018-10-20 23:15:00,40
2018-10-20 23:13:00,40
2018-10-20 23:11:00,41
2018-10-20 23:09:00,40
2018-10-20 23:07:00,40
2018-10-20 23:01:00,39
2018-10-20 22:59:00,40
2018-10-20 22:57:00,40
2018-10-20 22:53:00,41
2018-10-20 22:51:00,41
2018-10-20 22:49:00,42
2018-10-20 22:47:00,42
2018-10-20 22:45:00,43
2018-10-20 22:41:00,43
2018-10-20 22:39:00,44
2018-10-20 22:33:00,43
2018-10-20 22:31:00,43
2018-10-20 22:29:00,44
2018-10-20 22:23:00,43
2018-10-20 22:21:00,43
2018-10-20 22:19:00,42
2018-10-20 22:17:00,43
2018-10-20 22:09:00,43
2018-10-20 22:03:00,44
2018-10-20 22:01:00,43
2018-10-20 21:57:00,43
2018-10-20 21:55:00,44
2018-10-20 21:53:00,43
2018-10-20 21:51:00,44
2018-10-20 21:49:00,43
2018-10-20 21:47:00,43
2018-10-20 21:41:00,43
2018-10-20 21:39:00,43
2018-10-20 21:35:00,43
2018-10-20 21:31:00,44
2018-10-20 21:27:00,43
2018-10-20 21:21:00,43
2018-10-20 21:17:00,43
2018-10-20 21:13:00,43
2018-10-20 21:09:00,43
2018-10-20 21:07:00,43
2018-10-20 21:01:00,42
2018-10-20 20:57:00,41
2018-10-20 20:51:00,40
2018-10-20 20:49:00,40
2018-10-20 20:45:00,39
2018-10-20 20:43:00,40
2018-10-20 20:41:00,39
2018-10-20 20:39:00,41
2018-10-20 20:37:00,42
2018-10-20 20:35:00,42
2018-10-20 20:33:00,42
2018-10-20 20:31:00,43
2018-10-20 20:27:00,44
2018-10-20 20:25:00,44
2018-10-20 20:23:00,44
2018-10-20 20:19:00,45
2018-10-20 20:17:00,44
2018-10-20 20:15:00,45
2018-10-20 20:13:00,44
2018-10-20 20:09:00,45
2018-10-20 20:07:00,44
2018-10-20 20:05:00,45
2018-10-20 20:03:00,44
2018-10-20 20:01:00,44
2018-10-20 19:59:00,44
2018-10-20 19:53:00,45
2018-10-20 19:51:00,44
2018-10-20 19:49:00,45
2018-10-20 19:47:00,45
2018-10-20 19:45:00,45
2018-10-20 19:39:00,44
2018-10-20 19:37:00,43
2018-10-20 19:35:00,45
2018-10-20 19:31:00,44
2018-10-20 19:29:00,45
2018-10-20 19:27:00,44
2018-10-20 19:25:00,45
2018-10-20 19:23:00,44
2018-10-20 19:21:00,45
2018-10-20 19:19:00,44
2018-10-20 19:17:00,44
2018-10-20 19:13:00,45
2018-10-20 19:11:00,46
2018-10-20 19:09:00,44
2018-10-20 19:07:00,45
2018-10-20 19:05:00,44
2018-10-20 19:03:00,44
2018-10-20 19:01:00,44
2018-10-20 18:59:00,43
2018-10-20 18:57:00,44
2018-10-20 18:55:00,43
2018-10-20 18:53:00,43
2018-10-20 18:51:00,44
2018-10-20 18:49:00,46
2018-10-20 18:47:00,45
2018-10-20 18:45:00,44
2018-10-20 18:43:00,45
2018-10-20 18:39:00,44
2018-10-20 18:37:00,43
2018-10-20 18:35:00,43
2018-10-20 18:27:00,43
2018-10-20 18:25:00,44
2018-10-20 18:21:00,45
2018-10-20 18:19:00,46
2018-10-20 18:17:00,45
2018-10-20 18:15:00,46
2018-10-20 18:13:00,46
2018-10-20 18:11:00,47
2018-10-20 18:09:00,46
2018-10-20 18:07:00,45
2018-10-20 18:03:00,45
2018-10-20 18:01:00,45
2018-10-20 17:59:00,44
2018-10-20 17:57:00,44
2018-10-20 17:49:00,44
2018-10-20 17:47:00,44
2018-10-20 17:45:00,46
2018-10-20 17:43:00,45
2018-10-20 17:41:00,46
2018-10-20 17:37:00,46
2018-10-20 17:36:00,46
2018-10-20 17:33:00,45
2018-10-20 17:27:00,46
2018-10-20 17:25:00,45
2018-10-20 17:23:00,46
2018-10-20 17:21:00,45
2018-10-20 17:19:00,46
2018-10-20 17:15:00,45
2018-10-20 17:05:00,46
2018-10-20 17:03:00,46
2018-10-20 16:57:00,46
2018-10-20 16:53:00,46
2018-10-20 16:43:00,46
2018-10-20 16:41:00,46
2018-10-20 16:37:00,46
2018-10-20 16:35:00,47
2018-10-20 16:33:00,46
2018-10-20 16:31:00,47
2018-10-20 16:27:00,46
2018-10-20 16:25:00,47
2018-10-20 16:23:00,46
2018-10-20 16:21:00,47
2018-10-20 16:19:00,46
2018-10-20 16:11:00,46
2018-10-20 16:09:00,46
2018-10-20 16:05:00,46
2018-10-20 15:53:00,46
2018-10-20 15:51:00,45
2018-10-20 15:49:00,46
2018-10-20 15:45:00,45
2018-10-20 15:43:00,46
2018-10-20 15:41:00,45
2018-10-20 15:39:00,46
2018-10-20 15:37:00,45
2018-10-20 15:35:00,46
2018-10-20 15:29:00,46
2018-10-20 15:27:00,45
2018-10-20 15:19:00,46
2018-10-20 15:17:00,46
2018-10-20 15:15:00,45
2018-10-20 15:13:00,45
2018-10-20 15:11:00,46
2018-10-20 15:09:00,45
2018-10-20 15:07:00,45
2018-10-20 14:59:00,46
2018-10-20 14:55:00,46
2018-10-20 14:53:00,45
2018-10-20 14:51:00,46
2018-10-20 14:45:00,46
2018-10-20 14:35:00,47
2018-10-20 14:33:00,48
2018-10-20 14:19:00,47
2018-10-20 14:17:00,48
2018-10-20 14:03:00,47
2018-10-20 13:55:00,48
2018-10-20 13:53:00,47
2018-10-20 13:49:00,48
2018-10-20 13:47:00,47
2018-10-20 12:26:00,48
2018-10-20 12:24:00,47
2018-10-20 12:20:00,48
2018-10-20 12:16:00,49
2018-10-20 11:54:00,48
2018-10-20 11:48:00,49
2018-10-20 11:32:00,48
2018-10-20 11:28:00,49
2018-10-20 11:24:00,48
2018-10-20 11:20:00,47
2018-10-20 11:18:00,48
2018-10-20 11:14:00,49
2018-10-20 11:08:00,48
2018-10-20 11:06:00,47
2018-10-20 11:04:00,48
2018-10-20 10:58:00,49
2018-10-20 10:50:00,48
2018-10-20 10:44:00,49
2018-10-20 10:32:00,48
2018-10-20 10:30:00,49
2018-10-20 10:26:00,48
2018-10-20 10:24:00,49
2018-10-20 10:16:00,48
2018-10-20 10:14:00,47
2018-10-20 10:10:00,48
2018-10-20 10:04:00,49
2018-10-20 09:58:00,48
2018-10-20 09:56:00,47
2018-10-20 09:38:00,48
2018-10-20 09:36:00,47
2018-10-20 09:34:00,49
2018-10-20 09:22:00,48
2018-10-20 09:18:00,47
2018-10-20 09:16:00,48
2018-10-20 09:10:00,49
2018-10-20 08:58:00,48
2018-10-20 08:56:00,47
2018-10-20 08:52:00,48
2018-10-20 08:48:00,49
2018-10-20 08:38:00,48
2018-10-20 08:36:00,47
2018-10-20 08:30:00,48
2018-10-20 08:28:00,49
2018-10-20 08:26:00,48
2018-10-20 08:24:00,49
2018-10-20 08:04:00,48
2018-10-20 08:02:00,49
2018-10-20 07:46:00,48
2018-10-20 07:42:00,47
2018-10-20 07:30:00,48
2018-10-20 07:24:00,47
2018-10-20 07:18:00,46
2018-10-20 07:12:00,45
2018-10-20 07:08:00,43
2018-10-20 07:04:00,42
2018-10-20 07:02:00,41
2018-10-20 07:00:00,39
2018-10-20 06:56:00,39
2018-10-20 06:43:00,49
2018-10-20 06:41:00,48
2018-10-20 06:31:00,47
2018-10-20 06:21:00,46
2018-10-20 06:17:00,45
2018-10-20 06:15:00,44
2018-10-20 06:13:00,43
2018-10-20 06:11:00,43
2018-10-20 06:09:00,42
2018-10-20 06:03:00,41
2018-10-20 06:03:00,41
2018-10-20 06:03:00,41
2018-10-20 06:02:00,41
2018-10-20 06:02:00,41
2018-10-20 06:02:00,41
2018-10-20 06:02:00,41
2018-10-20 06:02:00,41
2018-10-20 06:02:00,41
2018-10-20 06:02:00,41
2018-10-20 06:02:00,41
2018-10-20 06:02:00,41
2018-10-20 06:02:00,41
2018-10-20 06:02:00,41
2018-10-20 06:02:00,40
2018-10-20 06:02:00,41
2018-10-20 06:02:00,41
2018-10-20 06:02:00,41
2018-10-20 06:02:00,41
2018-10-20 06:02:00,41
2018-10-20 06:02:00,41
2018-10-20 06:02:00,41
2018-10-20 06:02:00,41
2018-10-20 06:02:00,41
2018-10-20 06:02:00,41
2018-10-20 06:02:00,41
2018-10-20 06:02:00,41
2018-10-20 06:01:00,41
2018-10-20 06:01:00,41
2018-10-20 06:01:00,41
2018-10-20 06:01:00,41
2018-10-20 06:01:00,40
2018-10-20 06:01:00,41
2018-10-20 06:01:00,41
2018-10-20 06:01:00,41
2018-10-20 06:01:00,41
2018-10-20 06:01:00,41
2018-10-20 06:01:00,41
2018-10-20 06:01:00,41
2018-10-20 06:01:00,41
2018-10-20 06:01:00,41
2018-10-20 06:01:00,40
2018-10-20 06:01:00,41
2018-10-20 06:01:00,41
2018-10-20 06:01:00,41
2018-10-20 06:01:00,41
2018-10-20 06:01:00,41
2018-10-20 06:01:00,41
2018-10-20 06:01:00,42
2018-10-20 06:01:00,41
2018-10-20 06:00:00,40
2018-10-20 06:00:00,42
2018-10-20 06:00:00,41
2018-10-20 06:00:00,41
2018-10-20 06:00:00,41
2018-10-20 06:00:00,41
2018-10-20 06:00:00,41
2018-10-20 06:00:00,41
2018-10-20 06:00:00,41
2018-10-20 06:00:00,41
2018-10-20 06:00:00,41
2018-10-20 06:00:00,41
2018-10-20 06:00:00,41
2018-10-20 06:00:00,41
2018-10-20 06:00:00,42
2018-10-20 06:00:00,41
2018-10-20 06:00:00,41
2018-10-20 06:00:00,41
2018-10-20 06:00:00,41
2018-10-20 06:00:00,41
2018-10-20 05:59:00,41
2018-10-20 05:59:00,41
2018-10-20 05:59:00,41
2018-10-20 05:59:00,41
2018-10-20 05:59:00,41
2018-10-20 05:59:00,41
2018-10-20 05:59:00,41
2018-10-20 05:59:00,41
2018-10-20 05:59:00,41
2018-10-20 05:59:00,41
2018-10-20 05:59:00,41
2018-10-20 05:59:00,41
2018-10-20 05:59:00,41
2018-10-20 05:59:00,41
2018-10-20 05:59:00,41
2018-10-20 05:59:00,41
2018-10-20 05:59:00,41
2018-10-20 05:59:00,41
2018-10-20 05:59:00,41
2018-10-20 05:59:00,41
2018-10-20 05:59:00,41
2018-10-20 05:59:00,41
2018-10-20 05:59:00,41
2018-10-20 05:58:00,41
2018-10-20 05:58:00,41
2018-10-20 05:58:00,41
2018-10-20 05:58:00,41
2018-10-20 05:58:00,41
2018-10-20 05:58:00,41
2018-10-20 05:58:00,41
2018-10-20 05:58:00,41
2018-10-20 05:58:00,41
2018-10-20 05:58:00,41
2018-10-20 05:58:00,41
2018-10-20 05:58:00,41
2018-10-20 05:58:00,41
2018-10-20 05:58:00,41
2018-10-20 05:58:00,41
2018-10-20 05:58:00,41
2018-10-20 05:58:00,41
2018-10-20 05:58:00,41
2018-10-20 05:58:00,41
2018-10-20 05:58:00,41
2018-10-20 05:58:00,41
2018-10-20 05:58:00,41
2018-10-20 05:58:00,41
2018-10-20 05:57:00,41
2018-10-20 05:57:00,41
2018-10-20 05:57:00,41
2018-10-20 05:57:00,41
2018-10-20 05:57:00,41
2018-10-20 05:57:00,41
2018-10-20 05:57:00,41
2018-10-20 05:57:00,41
2018-10-20 05:57:00,41
2018-10-20 05:57:00,41
2018-10-20 05:57:00,41
2018-10-20 05:57:00,41
2018-10-20 05:57:00,41
2018-10-20 05:57:00,41
2018-10-20 05:56:00,40
2018-10-20 05:56:00,40
2018-10-20 05:56:00,41
2018-10-20 05:56:00,41
2018-10-20 05:56:00,41
2018-10-20 05:56:00,41
2018-10-20 05:56:00,40
2018-10-20 05:56:00,42
2018-10-20 05:56:00,41
2018-10-20 05:56:00,40
2018-10-20 05:56:00,41
2018-10-20 05:56:00,41
2018-10-20 05:56:00,41
2018-10-20 05:56:00,41
2018-10-20 05:56:00,41
2018-10-20 05:56:00,41
2018-10-20 05:56:00,41
2018-10-20 05:56:00,41
2018-10-20 05:56:00,41
2018-10-20 05:56:00,41
2018-10-20 05:56:00,41
2018-10-20 05:56:00,41
2018-10-20 05:56:00,41
2018-10-20 05:55:00,41
2018-10-20 05:55:00,40
2018-10-20 05:55:00,41
2018-10-20 05:55:00,41
2018-10-20 05:55:00,41
2018-10-20 05:55:00,41
2018-10-20 05:55:00,41
2018-10-20 05:55:00,41
2018-10-20 05:55:00,41
2018-10-20 05:55:00,41
2018-10-20 05:55:00,41
2018-10-20 05:55:00,41
2018-10-20 05:55:00,41
2018-10-20 05:55:00,41
2018-10-20 05:55:00,41
2018-10-20 05:55:00,41
2018-10-20 05:55:00,41
2018-10-20 05:55:00,41
2018-10-20 05:55:00,40
2018-10-20 05:55:00,40
2018-10-20 05:55:00,41
2018-10-20 05:54:00,40
2018-10-20 05:54:00,41
2018-10-20 05:54:00,41
2018-10-20 05:54:00,41
2018-10-20 05:54:00,41
2018-10-20 05:54:00,41
2018-10-20 05:54:00,40
2018-10-20 05:54:00,41
2018-10-20 05:54:00,40
2018-10-20 05:54:00,41
2018-10-20 05:54:00,41
2018-10-20 05:54:00,41
2018-10-20 05:54:00,41
2018-10-20 05:54:00,41
2018-10-20 05:54:00,41
2018-10-20 05:54:00,41
2018-10-20 05:54:00,40
2018-10-20 05:54:00,41
2018-10-20 05:54:00,41
2018-10-20 05:54:00,41
2018-10-20 05:54:00,41
2018-10-20 05:54:00,41
2018-10-20 05:53:00,42
2018-10-20 05:53:00,41
2018-10-20 05:53:00,41
2018-10-20 05:53:00,40
2018-10-20 05:53:00,41
2018-10-20 05:53:00,41
2018-10-20 05:53:00,41
2018-10-20 05:53:00,41
2018-10-20 05:53:00,41
2018-10-20 05:53:00,41
2018-10-20 05:53:00,41
2018-10-20 05:53:00,41
2018-10-20 05:53:00,42
2018-10-20 05:53:00,40
2018-10-20 05:53:00,41
2018-10-20 05:53:00,41
2018-10-20 05:53:00,41
2018-10-20 05:53:00,41
2018-10-20 05:53:00,41
2018-10-20 05:53:00,40
2018-10-20 05:53:00,41
2018-10-20 05:52:00,41
2018-10-20 05:52:00,41
2018-10-20 05:52:00,41
2018-10-20 05:52:00,41
2018-10-20 05:52:00,40
2018-10-20 05:52:00,41
2018-10-20 05:52:00,40
2018-10-20 05:52:00,40
2018-10-20 05:52:00,41
2018-10-20 05:52:00,41
2018-10-20 05:52:00,41
2018-10-20 05:52:00,41
2018-10-20 05:52:00,41
2018-10-20 05:52:00,41
2018-10-20 05:52:00,40
2018-10-20 05:52:00,42
2018-10-20 05:52:00,40
2018-10-20 05:52:00,39
2018-10-20 05:52:00,41
2018-10-20 05:52:00,41
2018-10-20 05:52:00,41
2018-10-20 05:52:00,41
2018-10-20 05:52:00,41
2018-10-20 05:52:00,41
2018-10-20 05:51:00,41
2018-10-20 05:51:00,41
2018-10-20 05:51:00,41
2018-10-20 05:51:00,41
2018-10-20 05:51:00,41
2018-10-20 05:51:00,41
2018-10-20 05:51:00,40
2018-10-20 05:51:00,41
2018-10-20 05:51:00,40
2018-10-20 05:51:00,41
2018-10-20 05:51:00,40
2018-10-20 05:51:00,41
2018-10-20 05:51:00,41
2018-10-20 05:51:00,41
2018-10-20 05:51:00,40
2018-10-20 05:51:00,40
2018-10-20 05:51:00,41
2018-10-20 05:51:00,41
2018-10-20 05:51:00,41
2018-10-20 05:51:00,41
2018-10-20 05:50:00,41
2018-10-20 05:50:00,41
2018-10-20 05:50:00,41
2018-10-20 05:50:00,41
2018-10-20 05:50:00,41
2018-10-20 05:50:00,40
2018-10-20 05:50:00,41
2018-10-20 05:50:00,41
2018-10-20 05:50:00,41
2018-10-20 05:50:00,41
2018-10-20 05:50:00,41
2018-10-20 05:50:00,41
2018-10-20 05:50:00,40
2018-10-20 05:50:00,41
2018-10-20 05:50:00,40
2018-10-20 05:50:00,40
2018-10-20 05:50:00,41
2018-10-20 05:50:00,41
2018-10-20 05:50:00,41
2018-10-20 05:50:00,40
2018-10-20 05:50:00,40
2018-10-20 05:50:00,42
2018-10-20 05:49:00,40
2018-10-20 05:49:00,41
2018-10-20 05:49:00,41
2018-10-20 05:49:00,41
2018-10-20 05:49:00,41
2018-10-20 05:49:00,40
2018-10-20 05:49:00,41
2018-10-20 05:49:00,41
2018-10-20 05:49:00,41
2018-10-20 05:49:00,41
2018-10-20 05:49:00,41
2018-10-20 05:49:00,41
2018-10-20 05:49:00,39
2018-10-20 05:49:00,40
2018-10-20 05:49:00,41
2018-10-20 05:49:00,41
2018-10-20 05:48:00,40
2018-10-20 05:48:00,41
2018-10-20 05:48:00,40
2018-10-20 05:48:00,41
2018-10-20 05:48:00,41
2018-10-20 05:48:00,41
2018-10-20 05:48:00,41
2018-10-20 05:48:00,40
2018-10-20 05:48:00,41
2018-10-20 05:48:00,40
2018-10-20 05:48:00,41
2018-10-20 05:48:00,40
2018-10-20 05:48:00,40
2018-10-20 05:48:00,41
2018-10-20 05:48:00,40
2018-10-20 05:48:00,41
2018-10-20 05:48:00,41
2018-10-20 05:48:00,41
2018-10-20 05:47:00,41
2018-10-20 05:47:00,41
2018-10-20 05:47:00,41
2018-10-20 05:47:00,41
2018-10-20 05:47:00,41
2018-10-20 05:47:00,41
2018-10-20 05:47:00,40
2018-10-20 05:47:00,41
2018-10-20 05:47:00,42
2018-10-20 05:47:00,41
2018-10-20 05:47:00,41
2018-10-20 05:47:00,41
2018-10-20 05:47:00,41
2018-10-20 05:47:00,41
2018-10-20 05:47:00,40
2018-10-20 05:47:00,40
2018-10-20 05:47:00,41
2018-10-20 05:46:00,41
2018-10-20 05:46:00,41
2018-10-20 05:46:00,41
2018-10-20 05:46:00,41
2018-10-20 05:46:00,41
2018-10-20 05:46:00,41
2018-10-20 05:46:00,41
2018-10-20 05:46:00,41
2018-10-20 05:46:00,41
2018-10-20 05:46:00,41
2018-10-20 05:46:00,41
2018-10-20 05:46:00,41
2018-10-20 05:46:00,41
2018-10-20 05:46:00,41
2018-10-20 05:46:00,41
2018-10-20 05:46:00,41
2018-10-20 05:46:00,40
2018-10-20 05:46:00,40
2018-10-20 05:46:00,41
2018-10-20 05:46:00,41
2018-10-20 05:46:00,41
2018-10-20 05:45:00,41
2018-10-20 05:45:00,41
2018-10-20 05:45:00,41
2018-10-20 05:45:00,41
2018-10-20 05:45:00,41
2018-10-20 05:45:00,41
2018-10-20 05:45:00,41
2018-10-20 05:45:00,41
2018-10-20 05:45:00,41
2018-10-20 05:45:00,41
2018-10-20 05:45:00,41
2018-10-20 05:45:00,41
2018-10-20 05:45:00,41
2018-10-20 05:45:00,41
2018-10-20 05:45:00,41
2018-10-20 05:45:00,41
2018-10-20 05:45:00,40
2018-10-20 05:45:00,41
2018-10-20 05:44:00,41
2018-10-20 05:44:00,41
2018-10-20 05:44:00,41
2018-10-20 05:44:00,41
2018-10-20 05:44:00,41
2018-10-20 05:44:00,41
2018-10-20 05:44:00,41
2018-10-20 05:44:00,41
2018-10-20 05:44:00,41
2018-10-20 05:44:00,41
2018-10-20 05:44:00,41
2018-10-20 05:44:00,41
2018-10-20 05:44:00,40
2018-10-20 05:44:00,40
2018-10-20 05:44:00,41
2018-10-20 05:44:00,41
2018-10-20 05:44:00,41
2018-10-20 05:44:00,41
2018-10-20 05:44:00,41
2018-10-20 05:44:00,41
2018-10-20 05:44:00,41
2018-10-20 05:44:00,41
2018-10-20 05:43:00,41
2018-10-20 05:43:00,41
2018-10-20 05:43:00,41
2018-10-20 05:43:00,41
2018-10-20 05:43:00,41
2018-10-20 05:43:00,41
2018-10-20 05:43:00,41
2018-10-20 05:43:00,41
2018-10-20 05:43:00,41
2018-10-20 05:43:00,41
2018-10-20 05:43:00,41
2018-10-20 05:43:00,41
2018-10-20 05:43:00,41
2018-10-20 05:43:00,40
2018-10-20 05:43:00,40
2018-10-20 05:43:00,40
2018-10-20 05:42:00,41
2018-10-20 05:42:00,41
2018-10-20 05:42:00,40
2018-10-20 05:42:00,41
2018-10-20 05:42:00,42
2018-10-20 05:42:00,41
2018-10-20 05:42:00,41
2018-10-20 05:42:00,41
2018-10-20 05:42:00,41
2018-10-20 05:42:00,41
2018-10-20 05:42:00,41
2018-10-20 05:42:00,41
2018-10-20 05:42:00,41
2018-10-20 05:42:00,40
2018-10-20 05:42:00,41
2018-10-20 05:42:00,41
2018-10-20 05:42:00,41
2018-10-20 05:42:00,40
2018-10-20 05:42:00,40
2018-10-20 05:41:00,41
2018-10-20 05:41:00,40
2018-10-20 05:41:00,41
2018-10-20 05:41:00,41
2018-10-20 05:41:00,41
2018-10-20 05:41:00,41
2018-10-20 05:41:00,41
2018-10-20 05:41:00,40
2018-10-20 05:41:00,41
2018-10-20 05:41:00,41
2018-10-20 05:41:00,41
2018-10-20 05:41:00,41
2018-10-20 05:41:00,41
2018-10-20 05:41:00,41
2018-10-20 05:41:00,40
2018-10-20 05:41:00,41
2018-10-20 05:41:00,41
2018-10-20 05:41:00,41
2018-10-20 05:40:00,41
2018-10-20 05:40:00,41
2018-10-20 05:40:00,40
2018-10-20 05:40:00,41
2018-10-20 05:40:00,41
2018-10-20 05:40:00,39
2018-10-20 05:40:00,40
2018-10-20 05:40:00,41
2018-10-20 05:40:00,41
2018-10-20 05:40:00,41
2018-10-20 05:40:00,41
2018-10-20 05:40:00,40
2018-10-20 05:40:00,42
2018-10-20 05:40:00,40
2018-10-20 05:40:00,41
2018-10-20 05:40:00,41
2018-10-20 05:40:00,41
2018-10-20 05:40:00,40
2018-10-20 05:40:00,41
2018-10-20 05:40:00,40
2018-10-20 05:40:00,41
2018-10-20 05:39:00,40
2018-10-20 05:39:00,41
2018-10-20 05:39:00,41
2018-10-20 05:39:00,41
2018-10-20 05:39:00,41
2018-10-20 05:39:00,41
2018-10-20 05:39:00,41
2018-10-20 05:39:00,39
2018-10-20 05:39:00,40
2018-10-20 05:39:00,40
2018-10-20 05:39:00,41
2018-10-20 05:39:00,41
2018-10-20 05:39:00,41
2018-10-20 05:39:00,41
2018-10-20 05:39:00,41
2018-10-20 05:39:00,41
2018-10-20 05:39:00,41
2018-10-20 05:39:00,41
2018-10-20 05:39:00,40
2018-10-20 05:39:00,40
2018-10-20 05:39:00,41
2018-10-20 05:39:00,41
2018-10-20 05:39:00,40
2018-10-20 05:39:00,40
2018-10-20 05:38:00,41
2018-10-20 05:38:00,40
2018-10-20 05:38:00,41
2018-10-20 05:38:00,40
2018-10-20 05:38:00,40
2018-10-20 05:38:00,40
2018-10-20 05:38:00,40
2018-10-20 05:38:00,40
2018-10-20 05:38:00,40
2018-10-20 05:38:00,40
2018-10-20 05:38:00,41
2018-10-20 05:38:00,40
2018-10-20 05:38:00,41
2018-10-20 05:38:00,41
2018-10-20 05:38:00,40
2018-10-20 05:38:00,40
2018-10-20 05:38:00,40
2018-10-20 05:38:00,41
2018-10-20 05:38:00,40
2018-10-20 05:38:00,41
2018-10-20 05:38:00,41
2018-10-20 05:37:00,40
2018-10-20 05:37:00,40
2018-10-20 05:37:00,40
2018-10-20 05:37:00,40
2018-10-20 05:37:00,40
2018-10-20 05:37:00,40
2018-10-20 05:37:00,40
2018-10-20 05:37:00,40
2018-10-20 05:37:00,41
2018-10-20 05:37:00,40
2018-10-20 05:37:00,40
2018-10-20 05:37:00,40
2018-10-20 05:37:00,40
2018-10-20 05:37:00,40
2018-10-20 05:37:00,40
2018-10-20 05:37:00,41
2018-10-20 05:37:00,40
2018-10-20 05:37:00,40
2018-10-20 05:37:00,40
2018-10-20 05:37:00,40
2018-10-20 05:37:00,40
2018-10-20 05:37:00,40
2018-10-20 05:36:00,40
2018-10-20 05:36:00,40
2018-10-20 05:36:00,40
2018-10-20 05:36:00,40
2018-10-20 05:36:00,40
2018-10-20 05:36:00,40
2018-10-20 05:36:00,40
2018-10-20 05:36:00,40
2018-10-20 05:36:00,40
2018-10-20 05:36:00,39
2018-10-20 05:36:00,40
2018-10-20 05:36:00,41
2018-10-20 05:36:00,40
2018-10-20 05:36:00,40
2018-10-20 05:36:00,40
2018-10-20 05:36:00,40
2018-10-20 05:36:00,40
2018-10-20 05:36:00,40
2018-10-20 05:36:00,40
2018-10-20 05:36:00,41
2018-10-20 05:35:00,40
2018-10-20 05:35:00,40
2018-10-20 05:35:00,40
2018-10-20 05:35:00,41
2018-10-20 05:35:00,41
2018-10-20 05:35:00,41
2018-10-20 05:35:00,40
2018-10-20 05:35:00,40
2018-10-20 05:35:00,40
2018-10-20 05:35:00,40
2018-10-20 05:35:00,40
2018-10-20 05:35:00,40
2018-10-20 05:35:00,40
2018-10-20 05:35:00,40
2018-10-20 05:35:00,41
2018-10-20 05:35:00,41
2018-10-20 05:35:00,40
2018-10-20 05:35:00,40
2018-10-20 05:35:00,40
2018-10-20 05:35:00,40
2018-10-20 05:35:00,40
2018-10-20 05:35:00,40
2018-10-20 05:35:00,41
2018-10-20 05:34:00,40
2018-10-20 05:34:00,41
2018-10-20 05:34:00,40
2018-10-20 05:34:00,40
2018-10-20 05:34:00,40
2018-10-20 05:34:00,40
2018-10-20 05:34:00,40
2018-10-20 05:34:00,40
2018-10-20 05:34:00,40
2018-10-20 05:34:00,39
2018-10-20 05:34:00,40
2018-10-20 05:34:00,40
2018-10-20 05:34:00,40
2018-10-20 05:34:00,39
2018-10-20 05:34:00,41
2018-10-20 05:34:00,40
2018-10-20 05:34:00,41
2018-10-20 05:34:00,40
2018-10-20 05:34:00,41
2018-10-20 05:34:00,40
2018-10-20 05:34:00,40
2018-10-20 05:33:00,40
2018-10-20 05:33:00,40
2018-10-20 05:33:00,40
2018-10-20 05:33:00,40
2018-10-20 05:33:00,41
2018-10-20 05:33:00,39
2018-10-20 05:33:00,40
2018-10-20 05:33:00,40
2018-10-20 05:33:00,40
2018-10-20 05:33:00,40
2018-10-20 05:33:00,41
2018-10-20 05:33:00,40
2018-10-20 05:33:00,40
2018-10-20 05:33:00,40
2018-10-20 05:33:00,40
2018-10-20 05:33:00,40
2018-10-20 05:33:00,40
2018-10-20 05:33:00,40
2018-10-20 05:33:00,40
2018-10-20 05:33:00,40
2018-10-20 05:33:00,40
2018-10-20 05:33:00,41
2018-10-20 05:33:00,40
2018-10-20 05:33:00,40
2018-10-20 05:32:00,41
2018-10-20 05:32:00,40
2018-10-20 05:32:00,40
2018-10-20 05:32:00,40
2018-10-20 05:32:00,40
2018-10-20 05:32:00,40
2018-10-20 05:32:00,40
